id,category
0,3
1,9
2,0
3,5
4,4
5,3
6,3
7,2
8,5
9,1
10,8
11,9
12,6
13,5
14,3
15,8
16,3
17,0
18,8
19,6
20,9
21,0
22,2
23,1
24,7
25,4
26,6
27,0
28,0
29,6
30,1
31,6
32,6
33,1
34,9
35,1
36,3
37,9
38,1
39,8
40,2
41,2
42,3
43,6
44,7
45,9
46,5
47,9
48,2
49,6
50,0
51,4
52,6
53,3
54,9
55,8
56,0
57,6
58,3
59,5
60,4
61,2
62,3
63,9
64,3
65,7
66,1
67,8
68,3
69,3
70,0
71,4
72,5
73,8
74,2
75,2
76,9
77,9
78,6
79,0
80,0
81,5
82,5
83,0
84,0
85,7
86,0
87,0
88,0
89,9
90,9
91,6
92,8
93,2
94,7
95,2
96,6
97,0
98,0
99,5
100,4
101,1
102,3
103,3
104,9
105,0
106,1
107,6
108,3
109,5
110,6
111,5
112,3
113,2
114,9
115,2
116,5
117,2
118,4
119,5
120,9
121,1
122,9
123,2
124,0
125,8
126,1
127,3
128,4
129,0
130,2
131,1
132,1
133,0
134,1
135,1
136,8
137,7
138,6
139,9
140,1
141,8
142,0
143,2
144,8
145,0
146,3
147,6
148,1
149,3
150,1
151,7
152,4
153,0
154,4
155,5
156,5
157,9
158,6
159,4
160,0
161,1
162,5
163,2
164,0
165,9
166,0
167,3
168,3
169,9
170,9
171,0
172,1
173,8
174,1
175,9
176,1
177,6
178,5
179,2
180,0
181,3
182,6
183,8
184,0
185,8
186,6
187,1
188,0
189,0
190,9
191,5
192,6
193,5
194,5
195,5
196,9
197,0
198,3
199,5
200,1
201,9
202,8
203,2
204,1
205,6
206,9
207,6
208,7
209,0
210,4
211,8
212,0
213,7
214,1
215,0
216,1
217,9
218,0
219,4
220,7
221,6
222,9
223,3
224,3
225,4
226,2
227,5
228,0
229,1
230,3
231,1
232,6
233,1
234,9
235,0
236,4
237,0
238,6
239,0
240,1
241,3
242,9
243,8
244,8
245,1
246,5
247,7
248,2
249,1
250,0
251,3
252,8
253,4
254,7
255,0
256,6
257,0
258,0
259,1
260,3
261,0
262,1
263,1
264,0
265,9
266,8
267,2
268,7
269,0
270,5
271,6
272,1
273,2
274,9
275,5
276,1
277,4
278,0
279,9
280,9
281,7
282,0
283,1
284,0
285,1
286,8
287,0
288,2
289,0
290,1
291,6
292,3
293,8
294,1
295,2
296,6
297,0
298,2
299,3
300,6
301,6
302,0
303,5
304,6
305,7
306,4
307,0
308,9
309,6
310,1
311,6
312,0
313,0
314,6
315,1
316,2
317,6
318,2
319,8
320,5
321,3
322,3
323,3
324,6
325,9
326,7
327,4
328,1
329,8
330,6
331,7
332,6
333,6
334,3
335,6
336,5
337,9
338,0
339,9
340,6
341,9
342,0
343,5
344,4
345,3
346,4
347,3
348,8
349,5
350,4
351,1
352,9
353,0
354,3
355,1
356,6
357,6
358,1
359,3
360,1
361,5
362,8
363,1
364,9
365,7
366,6
367,9
368,4
369,6
370,5
371,7
372,9
373,0
374,8
375,3
376,0
377,6
378,9
379,6
380,6
381,9
382,0
383,0
384,3
385,0
386,9
387,6
388,2
389,6
390,8
391,8
392,6
393,9
394,1
395,6
396,2
397,1
398,9
399,1
400,9
401,1
402,0
403,0
404,9
405,2
406,2
407,1
408,0
409,0
410,3
411,3
412,7
413,2
414,8
415,9
416,0
417,9
418,1
419,7
420,1
421,5
422,0
423,2
424,5
425,9
426,3
427,4
428,9
429,0
430,5
431,0
432,5
433,2
434,2
435,2
436,1
437,2
438,5
439,5
440,6
441,1
442,9
443,7
444,3
445,2
446,3
447,0
448,6
449,0
450,7
451,9
452,7
453,2
454,0
455,5
456,6
457,4
458,6
459,0
460,5
461,1
462,1
463,5
464,0
465,0
466,6
467,6
468,5
469,3
470,2
471,5
472,8
473,2
474,4
475,2
476,7
477,0
478,5
479,2
480,9
481,6
482,8
483,1
484,5
485,1
486,9
487,8
488,9
489,8
490,8
491,8
492,4
493,1
494,8
495,0
496,9
497,4
498,0
499,0
500,6
501,6
502,3
503,6
504,1
505,0
506,5
507,2
508,0
509,2
510,0
511,6
512,6
513,8
514,5
515,1
516,8
517,0
518,8
519,0
520,3
521,0
522,0
523,8
524,0
525,3
526,7
527,9
528,9
529,4
530,9
531,3
532,1
533,0
534,6
535,4
536,6
537,5
538,0
539,9
540,9
541,0
542,6
543,3
544,5
545,9
546,0
547,3
548,6
549,3
550,1
551,1
552,0
553,6
554,5
555,2
556,6
557,3
558,4
559,5
560,8
561,4
562,2
563,3
564,5
565,9
566,2
567,3
568,9
569,5
570,1
571,7
572,9
573,3
574,0
575,3
576,9
577,0
578,0
579,3
580,2
581,0
582,7
583,7
584,5
585,2
586,6
587,7
588,8
589,0
590,9
591,1
592,2
593,6
594,8
595,1
596,6
597,5
598,5
599,6
600,0
601,0
602,0
603,5
604,1
605,3
606,5
607,5
608,5
609,9
610,3
611,0
612,8
613,0
614,3
615,5
616,0
617,6
618,9
619,1
620,7
621,5
622,1
623,0
624,2
625,9
626,9
627,6
628,7
629,2
630,9
631,2
632,6
633,0
634,7
635,3
636,0
637,6
638,0
639,3
640,3
641,3
642,0
643,4
644,9
645,0
646,8
647,5
648,2
649,2
650,5
651,8
652,4
653,6
654,1
655,0
656,0
657,1
658,3
659,1
660,1
661,7
662,7
663,6
664,9
665,9
666,5
667,0
668,9
669,2
670,6
671,3
672,5
673,6
674,2
675,1
676,4
677,9
678,6
679,0
680,9
681,6
682,9
683,3
684,9
685,3
686,1
687,7
688,6
689,0
690,6
691,0
692,0
693,7
694,8
695,6
696,0
697,5
698,7
699,7
700,0
701,0
702,6
703,1
704,4
705,6
706,0
707,5
708,0
709,5
710,4
711,0
712,0
713,4
714,5
715,1
716,3
717,7
718,4
719,3
720,9
721,0
722,8
723,1
724,0
725,8
726,1
727,5
728,1
729,7
730,1
731,0
732,7
733,6
734,2
735,6
736,9
737,0
738,8
739,1
740,5
741,5
742,9
743,3
744,1
745,5
746,6
747,6
748,0
749,4
750,9
751,8
752,1
753,1
754,4
755,1
756,3
757,0
758,4
759,9
760,8
761,3
762,2
763,0
764,3
765,2
766,2
767,8
768,3
769,7
770,9
771,0
772,3
773,5
774,0
775,2
776,1
777,6
778,4
779,5
780,9
781,1
782,5
783,1
784,7
785,0
786,6
787,3
788,4
789,9
790,0
791,0
792,0
793,4
794,0
795,7
796,6
797,8
798,6
799,7
800,7
801,7
802,8
803,1
804,2
805,6
806,0
807,2
808,5
809,0
810,5
811,1
812,9
813,4
814,3
815,0
816,1
817,6
818,4
819,2
820,8
821,7
822,0
823,8
824,6
825,4
826,2
827,3
828,5
829,0
830,8
831,3
832,0
833,5
834,2
835,1
836,0
837,2
838,9
839,0
840,7
841,1
842,7
843,2
844,2
845,2
846,8
847,0
848,2
849,8
850,3
851,2
852,9
853,8
854,0
855,0
856,9
857,0
858,7
859,8
860,2
861,5
862,2
863,0
864,0
865,1
866,6
867,0
868,9
869,8
870,1
871,5
872,2
873,8
874,3
875,8
876,2
877,0
878,1
879,3
880,0
881,1
882,0
883,0
884,1
885,0
886,0
887,7
888,5
889,4
890,1
891,4
892,1
893,0
894,8
895,1
896,5
897,5
898,3
899,5
900,8
901,1
902,6
903,3
904,0
905,5
906,8
907,2
908,8
909,6
910,2
911,3
912,0
913,7
914,3
915,9
916,9
917,0
918,0
919,2
920,6
921,3
922,3
923,9
924,1
925,5
926,6
927,1
928,0
929,0
930,2
931,6
932,3
933,6
934,7
935,0
936,4
937,3
938,1
939,3
940,1
941,5
942,7
943,4
944,9
945,0
946,0
947,5
948,2
949,8
950,3
951,9
952,6
953,9
954,6
955,3
956,0
957,1
958,8
959,8
960,3
961,9
962,9
963,1
964,6
965,3
966,1
967,1
968,1
969,0
970,9
971,6
972,2
973,1
974,0
975,7
976,3
977,1
978,1
979,9
980,6
981,0
982,3
983,4
984,1
985,1
986,3
987,1
988,4
989,0
990,9
991,3
992,8
993,3
994,6
995,6
996,2
997,2
998,3
999,0
1000,5
1001,1
1002,4
1003,2
1004,0
1005,1
1006,6
1007,2
1008,5
1009,7
1010,0
1011,0
1012,5
1013,0
1014,2
1015,3
1016,1
1017,4
1018,8
1019,8
1020,9
1021,5
1022,0
1023,8
1024,4
1025,0
1026,3
1027,7
1028,0
1029,6
1030,9
1031,0
1032,5
1033,7
1034,3
1035,6
1036,4
1037,0
1038,0
1039,6
1040,3
1041,0
1042,4
1043,0
1044,0
1045,5
1046,3
1047,0
1048,1
1049,7
1050,4
1051,8
1052,1
1053,3
1054,1
1055,7
1056,1
1057,5
1058,1
1059,2
1060,3
1061,0
1062,6
1063,6
1064,1
1065,9
1066,6
1067,4
1068,0
1069,6
1070,2
1071,2
1072,3
1073,7
1074,0
1075,3
1076,0
1077,0
1078,0
1079,0
1080,6
1081,3
1082,3
1083,2
1084,5
1085,4
1086,7
1087,0
1088,6
1089,4
1090,0
1091,8
1092,6
1093,0
1094,8
1095,6
1096,3
1097,6
1098,1
1099,6
1100,2
1101,8
1102,2
1103,0
1104,8
1105,8
1106,6
1107,7
1108,2
1109,0
1110,0
1111,0
1112,3
1113,8
1114,9
1115,1
1116,5
1117,2
1118,5
1119,4
1120,7
1121,3
1122,9
1123,6
1124,1
1125,6
1126,0
1127,8
1128,1
1129,5
1130,4
1131,9
1132,6
1133,1
1134,1
1135,6
1136,9
1137,9
1138,7
1139,9
1140,6
1141,8
1142,9
1143,6
1144,9
1145,0
1146,1
1147,0
1148,3
1149,9
1150,6
1151,2
1152,7
1153,1
1154,6
1155,7
1156,2
1157,7
1158,1
1159,0
1160,8
1161,5
1162,7
1163,0
1164,0
1165,8
1166,5
1167,0
1168,0
1169,0
1170,8
1171,4
1172,5
1173,0
1174,0
1175,6
1176,9
1177,1
1178,2
1179,6
1180,1
1181,3
1182,9
1183,0
1184,1
1185,3
1186,4
1187,1
1188,1
1189,7
1190,1
1191,1
1192,0
1193,6
1194,7
1195,6
1196,2
1197,0
1198,5
1199,5
1200,8
1201,1
1202,9
1203,4
1204,6
1205,0
1206,1
1207,2
1208,2
1209,3
1210,1
1211,8
1212,9
1213,8
1214,0
1215,7
1216,0
1217,5
1218,0
1219,3
1220,5
1221,3
1222,1
1223,8
1224,7
1225,3
1226,6
1227,6
1228,0
1229,2
1230,0
1231,2
1232,9
1233,4
1234,1
1235,8
1236,2
1237,0
1238,4
1239,5
1240,6
1241,1
1242,3
1243,6
1244,3
1245,8
1246,3
1247,1
1248,0
1249,4
1250,3
1251,0
1252,3
1253,8
1254,0
1255,4
1256,0
1257,5
1258,5
1259,0
1260,4
1261,3
1262,2
1263,0
1264,3
1265,9
1266,8
1267,4
1268,2
1269,6
1270,1
1271,0
1272,2
1273,6
1274,3
1275,6
1276,1
1277,6
1278,6
1279,3
1280,0
1281,3
1282,0
1283,0
1284,8
1285,1
1286,7
1287,0
1288,3
1289,3
1290,2
1291,0
1292,3
1293,7
1294,0
1295,0
1296,5
1297,0
1298,9
1299,9
1300,2
1301,1
1302,2
1303,2
1304,2
1305,3
1306,8
1307,2
1308,3
1309,6
1310,9
1311,1
1312,2
1313,1
1314,1
1315,0
1316,3
1317,9
1318,0
1319,0
1320,7
1321,9
1322,0
1323,8
1324,3
1325,2
1326,5
1327,6
1328,5
1329,1
1330,0
1331,8
1332,1
1333,5
1334,7
1335,8
1336,7
1337,5
1338,6
1339,5
1340,0
1341,6
1342,3
1343,0
1344,1
1345,6
1346,3
1347,3
1348,4
1349,0
1350,6
1351,0
1352,2
1353,2
1354,7
1355,1
1356,4
1357,0
1358,1
1359,1
1360,4
1361,9
1362,7
1363,1
1364,6
1365,0
1366,8
1367,6
1368,0
1369,1
1370,0
1371,3
1372,1
1373,3
1374,1
1375,3
1376,7
1377,8
1378,9
1379,1
1380,3
1381,3
1382,0
1383,6
1384,3
1385,5
1386,3
1387,9
1388,8
1389,4
1390,5
1391,6
1392,2
1393,8
1394,2
1395,5
1396,9
1397,0
1398,0
1399,0
1400,3
1401,2
1402,2
1403,6
1404,7
1405,1
1406,0
1407,9
1408,1
1409,0
1410,6
1411,1
1412,8
1413,1
1414,3
1415,2
1416,1
1417,0
1418,6
1419,0
1420,7
1421,2
1422,3
1423,1
1424,0
1425,1
1426,1
1427,0
1428,9
1429,0
1430,8
1431,4
1432,9
1433,6
1434,0
1435,0
1436,0
1437,3
1438,2
1439,7
1440,8
1441,6
1442,3
1443,3
1444,1
1445,5
1446,0
1447,4
1448,6
1449,6
1450,6
1451,1
1452,6
1453,6
1454,2
1455,0
1456,6
1457,8
1458,7
1459,0
1460,4
1461,9
1462,8
1463,9
1464,9
1465,0
1466,5
1467,8
1468,0
1469,0
1470,4
1471,9
1472,7
1473,7
1474,3
1475,9
1476,1
1477,3
1478,0
1479,6
1480,5
1481,0
1482,2
1483,6
1484,6
1485,1
1486,7
1487,0
1488,8
1489,4
1490,9
1491,4
1492,1
1493,9
1494,3
1495,0
1496,6
1497,0
1498,6
1499,1
1500,9
1501,6
1502,2
1503,0
1504,8
1505,2
1506,4
1507,0
1508,0
1509,1
1510,8
1511,0
1512,8
1513,5
1514,0
1515,0
1516,7
1517,1
1518,5
1519,6
1520,2
1521,2
1522,2
1523,5
1524,6
1525,0
1526,5
1527,9
1528,0
1529,2
1530,9
1531,3
1532,0
1533,0
1534,2
1535,4
1536,0
1537,6
1538,2
1539,6
1540,8
1541,3
1542,3
1543,3
1544,3
1545,5
1546,2
1547,0
1548,5
1549,1
1550,6
1551,6
1552,1
1553,2
1554,5
1555,0
1556,3
1557,8
1558,2
1559,3
1560,3
1561,6
1562,6
1563,0
1564,9
1565,3
1566,0
1567,3
1568,8
1569,9
1570,4
1571,3
1572,1
1573,1
1574,0
1575,4
1576,6
1577,3
1578,6
1579,8
1580,3
1581,4
1582,6
1583,2
1584,2
1585,0
1586,0
1587,0
1588,6
1589,6
1590,0
1591,4
1592,0
1593,5
1594,0
1595,7
1596,2
1597,5
1598,2
1599,3
1600,3
1601,9
1602,1
1603,0
1604,0
1605,8
1606,3
1607,4
1608,5
1609,9
1610,3
1611,3
1612,2
1613,8
1614,9
1615,0
1616,7
1617,0
1618,5
1619,6
1620,3
1621,1
1622,5
1623,3
1624,5
1625,1
1626,4
1627,0
1628,0
1629,0
1630,4
1631,1
1632,8
1633,1
1634,7
1635,5
1636,3
1637,3
1638,0
1639,9
1640,0
1641,4
1642,4
1643,5
1644,3
1645,3
1646,0
1647,2
1648,9
1649,4
1650,5
1651,0
1652,0
1653,9
1654,9
1655,9
1656,4
1657,5
1658,5
1659,8
1660,4
1661,6
1662,5
1663,4
1664,0
1665,6
1666,7
1667,6
1668,9
1669,6
1670,2
1671,9
1672,9
1673,0
1674,2
1675,5
1676,0
1677,1
1678,9
1679,0
1680,6
1681,6
1682,3
1683,1
1684,0
1685,3
1686,1
1687,8
1688,7
1689,1
1690,7
1691,8
1692,9
1693,8
1694,0
1695,1
1696,0
1697,7
1698,2
1699,1
1700,6
1701,8
1702,0
1703,3
1704,0
1705,9
1706,1
1707,9
1708,7
1709,6
1710,2
1711,7
1712,8
1713,1
1714,8
1715,0
1716,1
1717,3
1718,3
1719,9
1720,1
1721,9
1722,6
1723,5
1724,6
1725,8
1726,0
1727,1
1728,0
1729,8
1730,9
1731,4
1732,6
1733,6
1734,7
1735,2
1736,5
1737,5
1738,3
1739,8
1740,9
1741,0
1742,8
1743,1
1744,0
1745,3
1746,9
1747,1
1748,0
1749,1
1750,8
1751,3
1752,5
1753,6
1754,0
1755,2
1756,3
1757,3
1758,2
1759,0
1760,7
1761,9
1762,6
1763,7
1764,7
1765,8
1766,2
1767,1
1768,0
1769,2
1770,4
1771,4
1772,8
1773,5
1774,7
1775,4
1776,0
1777,4
1778,0
1779,3
1780,0
1781,6
1782,6
1783,0
1784,3
1785,0
1786,7
1787,0
1788,7
1789,8
1790,9
1791,3
1792,9
1793,6
1794,0
1795,6
1796,8
1797,9
1798,2
1799,0
1800,9
1801,4
1802,2
1803,3
1804,3
1805,0
1806,1
1807,0
1808,1
1809,0
1810,8
1811,6
1812,5
1813,1
1814,9
1815,9
1816,9
1817,6
1818,5
1819,8
1820,8
1821,6
1822,7
1823,5
1824,9
1825,0
1826,0
1827,4
1828,0
1829,1
1830,5
1831,9
1832,0
1833,0
1834,1
1835,5
1836,2
1837,6
1838,3
1839,7
1840,8
1841,4
1842,0
1843,0
1844,1
1845,2
1846,6
1847,7
1848,3
1849,7
1850,0
1851,0
1852,5
1853,9
1854,9
1855,3
1856,8
1857,6
1858,5
1859,2
1860,2
1861,8
1862,6
1863,5
1864,9
1865,7
1866,0
1867,6
1868,2
1869,8
1870,0
1871,5
1872,0
1873,6
1874,2
1875,0
1876,3
1877,3
1878,7
1879,1
1880,2
1881,1
1882,0
1883,6
1884,1
1885,2
1886,2
1887,3
1888,1
1889,8
1890,5
1891,0
1892,6
1893,1
1894,7
1895,4
1896,9
1897,0
1898,6
1899,7
1900,0
1901,3
1902,1
1903,0
1904,0
1905,6
1906,3
1907,4
1908,4
1909,5
1910,6
1911,6
1912,0
1913,8
1914,9
1915,9
1916,5
1917,8
1918,7
1919,2
1920,2
1921,8
1922,5
1923,3
1924,0
1925,1
1926,1
1927,5
1928,2
1929,2
1930,8
1931,2
1932,0
1933,3
1934,4
1935,5
1936,3
1937,9
1938,0
1939,1
1940,0
1941,0
1942,2
1943,9
1944,8
1945,0
1946,8
1947,6
1948,9
1949,0
1950,3
1951,0
1952,2
1953,6
1954,0
1955,7
1956,7
1957,6
1958,9
1959,1
1960,3
1961,0
1962,6
1963,0
1964,6
1965,4
1966,7
1967,2
1968,8
1969,8
1970,9
1971,3
1972,6
1973,0
1974,6
1975,2
1976,3
1977,3
1978,6
1979,1
1980,9
1981,0
1982,6
1983,7
1984,3
1985,2
1986,2
1987,0
1988,5
1989,3
1990,3
1991,2
1992,6
1993,4
1994,8
1995,2
1996,3
1997,0
1998,4
1999,0
2000,2
2001,6
2002,1
2003,6
2004,8
2005,2
2006,6
2007,8
2008,9
2009,0
2010,1
2011,2
2012,5
2013,4
2014,0
2015,7
2016,6
2017,2
2018,1
2019,0
2020,9
2021,0
2022,2
2023,6
2024,1
2025,0
2026,6
2027,3
2028,2
2029,5
2030,1
2031,7
2032,0
2033,3
2034,6
2035,6
2036,6
2037,1
2038,5
2039,9
2040,8
2041,0
2042,1
2043,9
2044,5
2045,1
2046,1
2047,6
2048,0
2049,6
2050,0
2051,5
2052,8
2053,2
2054,5
2055,2
2056,9
2057,8
2058,0
2059,1
2060,2
2061,3
2062,7
2063,1
2064,0
2065,5
2066,2
2067,2
2068,6
2069,6
2070,3
2071,9
2072,0
2073,2
2074,0
2075,9
2076,1
2077,2
2078,6
2079,1
2080,6
2081,1
2082,0
2083,8
2084,7
2085,0
2086,0
2087,0
2088,2
2089,7
2090,0
2091,1
2092,3
2093,6
2094,6
2095,0
2096,6
2097,0
2098,1
2099,1
2100,6
2101,6
2102,0
2103,3
2104,2
2105,6
2106,1
2107,0
2108,0
2109,8
2110,8
2111,1
2112,1
2113,8
2114,4
2115,3
2116,4
2117,0
2118,0
2119,6
2120,3
2121,3
2122,0
2123,2
2124,0
2125,9
2126,0
2127,2
2128,2
2129,2
2130,0
2131,7
2132,3
2133,8
2134,0
2135,8
2136,3
2137,2
2138,6
2139,8
2140,1
2141,8
2142,1
2143,9
2144,0
2145,4
2146,2
2147,2
2148,4
2149,6
2150,9
2151,5
2152,0
2153,8
2154,0
2155,0
2156,4
2157,6
2158,1
2159,9
2160,9
2161,5
2162,9
2163,6
2164,1
2165,1
2166,2
2167,7
2168,3
2169,8
2170,6
2171,5
2172,5
2173,4
2174,8
2175,8
2176,8
2177,5
2178,9
2179,0
2180,2
2181,0
2182,6
2183,4
2184,3
2185,9
2186,1
2187,3
2188,9
2189,2
2190,6
2191,4
2192,0
2193,0
2194,0
2195,0
2196,8
2197,2
2198,6
2199,6
2200,1
2201,5
2202,7
2203,1
2204,9
2205,5
2206,8
2207,4
2208,6
2209,4
2210,0
2211,9
2212,2
2213,2
2214,2
2215,4
2216,3
2217,8
2218,4
2219,6
2220,9
2221,2
2222,4
2223,0
2224,1
2225,0
2226,6
2227,8
2228,6
2229,2
2230,7
2231,1
2232,6
2233,5
2234,8
2235,2
2236,4
2237,6
2238,6
2239,7
2240,3
2241,0
2242,5
2243,5
2244,9
2245,8
2246,1
2247,5
2248,7
2249,0
2250,0
2251,0
2252,3
2253,7
2254,9
2255,5
2256,1
2257,5
2258,9
2259,5
2260,5
2261,6
2262,4
2263,6
2264,9
2265,8
2266,8
2267,3
2268,1
2269,5
2270,2
2271,8
2272,7
2273,1
2274,9
2275,2
2276,4
2277,3
2278,8
2279,9
2280,0
2281,1
2282,0
2283,3
2284,0
2285,2
2286,4
2287,1
2288,7
2289,1
2290,9
2291,2
2292,6
2293,3
2294,5
2295,0
2296,1
2297,8
2298,0
2299,4
2300,6
2301,2
2302,2
2303,5
2304,5
2305,4
2306,3
2307,1
2308,7
2309,3
2310,1
2311,7
2312,7
2313,6
2314,0
2315,5
2316,2
2317,5
2318,2
2319,3
2320,8
2321,3
2322,0
2323,1
2324,0
2325,8
2326,7
2327,1
2328,0
2329,8
2330,0
2331,5
2332,0
2333,6
2334,1
2335,5
2336,9
2337,7
2338,2
2339,2
2340,7
2341,8
2342,6
2343,2
2344,3
2345,5
2346,5
2347,2
2348,0
2349,0
2350,6
2351,4
2352,2
2353,6
2354,0
2355,8
2356,0
2357,3
2358,3
2359,7
2360,0
2361,8
2362,1
2363,6
2364,6
2365,5
2366,0
2367,1
2368,0
2369,0
2370,8
2371,4
2372,6
2373,0
2374,1
2375,0
2376,9
2377,6
2378,1
2379,1
2380,8
2381,5
2382,1
2383,2
2384,2
2385,0
2386,5
2387,0
2388,1
2389,2
2390,1
2391,1
2392,7
2393,9
2394,8
2395,0
2396,5
2397,4
2398,0
2399,9
2400,0
2401,3
2402,9
2403,1
2404,1
2405,6
2406,4
2407,9
2408,2
2409,2
2410,3
2411,0
2412,3
2413,5
2414,3
2415,3
2416,8
2417,0
2418,0
2419,3
2420,3
2421,2
2422,0
2423,3
2424,2
2425,9
2426,1
2427,6
2428,6
2429,1
2430,2
2431,0
2432,0
2433,1
2434,0
2435,2
2436,4
2437,3
2438,0
2439,9
2440,9
2441,3
2442,6
2443,0
2444,6
2445,6
2446,4
2447,2
2448,2
2449,5
2450,9
2451,8
2452,8
2453,2
2454,1
2455,6
2456,0
2457,5
2458,8
2459,5
2460,1
2461,0
2462,3
2463,0
2464,3
2465,9
2466,4
2467,1
2468,0
2469,0
2470,4
2471,0
2472,9
2473,7
2474,4
2475,6
2476,8
2477,1
2478,7
2479,1
2480,9
2481,6
2482,1
2483,5
2484,1
2485,4
2486,6
2487,5
2488,3
2489,1
2490,5
2491,9
2492,9
2493,1
2494,0
2495,8
2496,1
2497,0
2498,3
2499,6
2500,5
2501,6
2502,0
2503,8
2504,3
2505,7
2506,5
2507,0
2508,4
2509,7
2510,6
2511,2
2512,2
2513,2
2514,0
2515,6
2516,0
2517,8
2518,8
2519,4
2520,0
2521,3
2522,4
2523,2
2524,0
2525,0
2526,1
2527,0
2528,8
2529,6
2530,7
2531,2
2532,7
2533,0
2534,9
2535,6
2536,3
2537,9
2538,0
2539,0
2540,4
2541,8
2542,3
2543,0
2544,5
2545,0
2546,8
2547,2
2548,0
2549,6
2550,1
2551,6
2552,9
2553,0
2554,5
2555,2
2556,6
2557,5
2558,6
2559,2
2560,9
2561,3
2562,5
2563,2
2564,1
2565,5
2566,0
2567,5
2568,1
2569,0
2570,0
2571,2
2572,4
2573,3
2574,9
2575,6
2576,6
2577,2
2578,5
2579,0
2580,6
2581,6
2582,7
2583,0
2584,5
2585,7
2586,6
2587,0
2588,5
2589,1
2590,4
2591,9
2592,7
2593,8
2594,9
2595,6
2596,0
2597,3
2598,5
2599,0
2600,9
2601,2
2602,6
2603,9
2604,0
2605,5
2606,5
2607,5
2608,2
2609,3
2610,6
2611,8
2612,0
2613,6
2614,0
2615,7
2616,9
2617,0
2618,3
2619,0
2620,1
2621,8
2622,0
2623,5
2624,0
2625,2
2626,9
2627,2
2628,0
2629,3
2630,3
2631,4
2632,6
2633,2
2634,1
2635,4
2636,3
2637,4
2638,5
2639,7
2640,2
2641,2
2642,2
2643,2
2644,3
2645,1
2646,6
2647,0
2648,4
2649,6
2650,8
2651,0
2652,7
2653,1
2654,6
2655,0
2656,1
2657,1
2658,7
2659,4
2660,5
2661,6
2662,0
2663,4
2664,2
2665,1
2666,5
2667,1
2668,0
2669,6
2670,9
2671,9
2672,0
2673,5
2674,0
2675,0
2676,6
2677,7
2678,1
2679,1
2680,0
2681,2
2682,2
2683,3
2684,5
2685,2
2686,7
2687,0
2688,1
2689,6
2690,8
2691,2
2692,9
2693,1
2694,1
2695,2
2696,0
2697,8
2698,3
2699,2
2700,8
2701,4
2702,2
2703,7
2704,7
2705,0
2706,6
2707,6
2708,3
2709,2
2710,6
2711,0
2712,7
2713,9
2714,0
2715,0
2716,6
2717,0
2718,9
2719,5
2720,3
2721,6
2722,6
2723,9
2724,0
2725,3
2726,3
2727,9
2728,4
2729,0
2730,6
2731,9
2732,7
2733,4
2734,0
2735,3
2736,8
2737,3
2738,5
2739,2
2740,7
2741,6
2742,5
2743,7
2744,9
2745,7
2746,5
2747,5
2748,0
2749,3
2750,3
2751,7
2752,6
2753,1
2754,6
2755,0
2756,6
2757,1
2758,7
2759,1
2760,8
2761,0
2762,2
2763,2
2764,1
2765,9
2766,4
2767,1
2768,6
2769,1
2770,5
2771,5
2772,4
2773,1
2774,3
2775,1
2776,0
2777,0
2778,1
2779,6
2780,0
2781,8
2782,4
2783,0
2784,9
2785,2
2786,6
2787,2
2788,6
2789,0
2790,0
2791,7
2792,0
2793,8
2794,0
2795,1
2796,7
2797,2
2798,3
2799,9
2800,1
2801,8
2802,4
2803,5
2804,8
2805,6
2806,9
2807,9
2808,6
2809,4
2810,0
2811,1
2812,0
2813,0
2814,9
2815,3
2816,5
2817,9
2818,5
2819,1
2820,6
2821,3
2822,9
2823,2
2824,7
2825,6
2826,7
2827,7
2828,2
2829,1
2830,6
2831,5
2832,6
2833,4
2834,6
2835,9
2836,0
2837,8
2838,0
2839,1
2840,4
2841,2
2842,6
2843,5
2844,1
2845,5
2846,8
2847,3
2848,9
2849,6
2850,0
2851,6
2852,2
2853,9
2854,2
2855,5
2856,2
2857,2
2858,2
2859,1
2860,3
2861,3
2862,2
2863,4
2864,5
2865,6
2866,8
2867,3
2868,0
2869,8
2870,8
2871,0
2872,1
2873,9
2874,8
2875,7
2876,0
2877,8
2878,0
2879,0
2880,2
2881,5
2882,6
2883,2
2884,6
2885,3
2886,9
2887,9
2888,3
2889,3
2890,9
2891,2
2892,0
2893,8
2894,0
2895,2
2896,8
2897,2
2898,9
2899,1
2900,2
2901,0
2902,9
2903,0
2904,0
2905,0
2906,1
2907,0
2908,7
2909,0
2910,2
2911,0
2912,2
2913,0
2914,2
2915,3
2916,0
2917,4
2918,4
2919,1
2920,7
2921,0
2922,4
2923,2
2924,1
2925,5
2926,9
2927,8
2928,9
2929,3
2930,5
2931,7
2932,6
2933,2
2934,5
2935,7
2936,9
2937,5
2938,2
2939,1
2940,1
2941,0
2942,0
2943,1
2944,1
2945,5
2946,9
2947,1
2948,0
2949,6
2950,9
2951,0
2952,1
2953,0
2954,9
2955,5
2956,0
2957,8
2958,8
2959,9
2960,0
2961,7
2962,8
2963,3
2964,8
2965,6
2966,9
2967,7
2968,8
2969,5
2970,6
2971,6
2972,3
2973,0
2974,1
2975,1
2976,0
2977,6
2978,2
2979,4
2980,1
2981,2
2982,6
2983,9
2984,6
2985,9
2986,5
2987,6
2988,4
2989,4
2990,6
2991,5
2992,1
2993,0
2994,8
2995,1
2996,8
2997,5
2998,5
2999,4
3000,9
3001,1
3002,0
3003,0
3004,0
3005,9
3006,0
3007,7
3008,1
3009,7
3010,6
3011,2
3012,8
3013,7
3014,4
3015,6
3016,4
3017,7
3018,2
3019,2
3020,8
3021,8
3022,3
3023,0
3024,0
3025,6
3026,7
3027,9
3028,5
3029,9
3030,7
3031,5
3032,3
3033,5
3034,4
3035,1
3036,0
3037,8
3038,0
3039,3
3040,7
3041,6
3042,2
3043,1
3044,6
3045,6
3046,1
3047,3
3048,0
3049,1
3050,0
3051,0
3052,2
3053,3
3054,0
3055,6
3056,5
3057,6
3058,1
3059,6
3060,3
3061,7
3062,3
3063,1
3064,9
3065,0
3066,0
3067,7
3068,0
3069,0
3070,0
3071,5
3072,5
3073,6
3074,1
3075,1
3076,2
3077,2
3078,0
3079,0
3080,3
3081,9
3082,6
3083,3
3084,2
3085,1
3086,9
3087,0
3088,5
3089,8
3090,9
3091,3
3092,7
3093,5
3094,1
3095,2
3096,3
3097,7
3098,2
3099,6
3100,0
3101,4
3102,8
3103,6
3104,0
3105,1
3106,0
3107,1
3108,5
3109,0
3110,0
3111,7
3112,0
3113,2
3114,3
3115,0
3116,1
3117,0
3118,3
3119,6
3120,6
3121,1
3122,7
3123,0
3124,1
3125,3
3126,9
3127,9
3128,1
3129,5
3130,5
3131,2
3132,8
3133,6
3134,9
3135,5
3136,6
3137,3
3138,8
3139,2
3140,0
3141,1
3142,7
3143,3
3144,5
3145,4
3146,4
3147,7
3148,1
3149,8
3150,1
3151,0
3152,1
3153,1
3154,0
3155,0
3156,9
3157,9
3158,9
3159,4
3160,1
3161,0
3162,2
3163,0
3164,5
3165,1
3166,1
3167,0
3168,9
3169,9
3170,5
3171,1
3172,9
3173,8
3174,2
3175,1
3176,2
3177,0
3178,7
3179,6
3180,3
3181,1
3182,9
3183,0
3184,0
3185,2
3186,2
3187,3
3188,4
3189,0
3190,0
3191,2
3192,0
3193,0
3194,5
3195,6
3196,5
3197,2
3198,6
3199,2
3200,4
3201,6
3202,5
3203,6
3204,6
3205,8
3206,0
3207,6
3208,1
3209,2
3210,3
3211,8
3212,6
3213,9
3214,1
3215,1
3216,1
3217,7
3218,3
3219,6
3220,1
3221,3
3222,4
3223,7
3224,3
3225,9
3226,0
3227,6
3228,6
3229,5
3230,5
3231,0
3232,7
3233,1
3234,7
3235,5
3236,1
3237,9
3238,6
3239,3
3240,0
3241,7
3242,7
3243,8
3244,4
3245,4
3246,3
3247,6
3248,0
3249,5
3250,3
3251,6
3252,2
3253,0
3254,3
3255,6
3256,5
3257,0
3258,0
3259,3
3260,7
3261,4
3262,7
3263,1
3264,1
3265,8
3266,7
3267,8
3268,5
3269,9
3270,0
3271,6
3272,7
3273,5
3274,8
3275,2
3276,1
3277,7
3278,8
3279,4
3280,0
3281,6
3282,1
3283,5
3284,3
3285,9
3286,3
3287,3
3288,9
3289,8
3290,6
3291,3
3292,3
3293,0
3294,0
3295,1
3296,6
3297,6
3298,3
3299,2
3300,4
3301,0
3302,0
3303,3
3304,6
3305,9
3306,1
3307,1
3308,8
3309,2
3310,6
3311,4
3312,2
3313,4
3314,0
3315,5
3316,7
3317,4
3318,8
3319,2
3320,4
3321,2
3322,5
3323,0
3324,3
3325,1
3326,4
3327,6
3328,5
3329,4
3330,8
3331,0
3332,5
3333,2
3334,6
3335,2
3336,0
3337,6
3338,3
3339,2
3340,6
3341,1
3342,0
3343,2
3344,8
3345,7
3346,3
3347,9
3348,0
3349,4
3350,0
3351,1
3352,1
3353,6
3354,0
3355,0
3356,4
3357,6
3358,4
3359,0
3360,6
3361,4
3362,4
3363,6
3364,3
3365,0
3366,8
3367,4
3368,9
3369,2
3370,1
3371,5
3372,8
3373,6
3374,0
3375,3
3376,3
3377,3
3378,2
3379,6
3380,8
3381,5
3382,2
3383,0
3384,8
3385,0
3386,4
3387,1
3388,8
3389,1
3390,5
3391,5
3392,5
3393,1
3394,6
3395,9
3396,0
3397,2
3398,8
3399,0
3400,2
3401,4
3402,6
3403,0
3404,3
3405,7
3406,3
3407,1
3408,6
3409,1
3410,2
3411,0
3412,2
3413,6
3414,7
3415,2
3416,0
3417,2
3418,1
3419,2
3420,6
3421,7
3422,6
3423,0
3424,5
3425,0
3426,0
3427,6
3428,1
3429,0
3430,8
3431,4
3432,0
3433,0
3434,9
3435,3
3436,2
3437,3
3438,9
3439,3
3440,5
3441,0
3442,0
3443,2
3444,0
3445,6
3446,3
3447,6
3448,6
3449,5
3450,3
3451,5
3452,3
3453,2
3454,0
3455,0
3456,2
3457,9
3458,5
3459,0
3460,1
3461,3
3462,4
3463,6
3464,9
3465,6
3466,5
3467,0
3468,2
3469,0
3470,5
3471,1
3472,2
3473,3
3474,8
3475,0
3476,0
3477,3
3478,5
3479,6
3480,2
3481,0
3482,5
3483,0
3484,2
3485,7
3486,6
3487,3
3488,1
3489,1
3490,0
3491,3
3492,6
3493,0
3494,1
3495,2
3496,5
3497,3
3498,5
3499,1
3500,2
3501,2
3502,8
3503,1
3504,9
3505,4
3506,0
3507,4
3508,3
3509,9
3510,2
3511,0
3512,6
3513,3
3514,3
3515,8
3516,0
3517,1
3518,3
3519,3
3520,1
3521,0
3522,2
3523,9
3524,7
3525,3
3526,6
3527,8
3528,0
3529,6
3530,6
3531,3
3532,5
3533,4
3534,0
3535,6
3536,0
3537,0
3538,7
3539,7
3540,4
3541,2
3542,4
3543,6
3544,8
3545,6
3546,0
3547,0
3548,0
3549,1
3550,0
3551,0
3552,1
3553,1
3554,5
3555,3
3556,6
3557,6
3558,3
3559,2
3560,1
3561,6
3562,7
3563,6
3564,2
3565,0
3566,0
3567,3
3568,0
3569,6
3570,3
3571,1
3572,3
3573,6
3574,7
3575,5
3576,7
3577,1
3578,3
3579,0
3580,4
3581,6
3582,6
3583,5
3584,2
3585,8
3586,0
3587,1
3588,6
3589,1
3590,0
3591,6
3592,7
3593,8
3594,8
3595,2
3596,6
3597,1
3598,0
3599,7
3600,5
3601,3
3602,5
3603,6
3604,0
3605,3
3606,9
3607,2
3608,1
3609,9
3610,6
3611,0
3612,9
3613,1
3614,5
3615,1
3616,2
3617,3
3618,8
3619,9
3620,4
3621,0
3622,5
3623,6
3624,2
3625,8
3626,1
3627,1
3628,1
3629,4
3630,0
3631,2
3632,1
3633,5
3634,1
3635,5
3636,6
3637,6
3638,9
3639,1
3640,4
3641,9
3642,1
3643,8
3644,9
3645,1
3646,4
3647,1
3648,7
3649,5
3650,1
3651,0
3652,1
3653,7
3654,3
3655,2
3656,5
3657,4
3658,9
3659,2
3660,0
3661,1
3662,6
3663,9
3664,6
3665,7
3666,1
3667,5
3668,0
3669,2
3670,9
3671,3
3672,0
3673,8
3674,3
3675,2
3676,1
3677,5
3678,1
3679,0
3680,0
3681,2
3682,9
3683,3
3684,0
3685,5
3686,9
3687,3
3688,3
3689,0
3690,9
3691,0
3692,6
3693,8
3694,2
3695,8
3696,2
3697,5
3698,9
3699,9
3700,5
3701,0
3702,2
3703,4
3704,1
3705,0
3706,1
3707,9
3708,6
3709,5
3710,0
3711,2
3712,4
3713,5
3714,2
3715,2
3716,2
3717,3
3718,8
3719,5
3720,5
3721,6
3722,0
3723,0
3724,6
3725,7
3726,3
3727,9
3728,6
3729,9
3730,9
3731,6
3732,9
3733,8
3734,5
3735,0
3736,4
3737,7
3738,0
3739,7
3740,9
3741,2
3742,1
3743,3
3744,5
3745,7
3746,5
3747,1
3748,6
3749,1
3750,9
3751,4
3752,3
3753,6
3754,4
3755,1
3756,8
3757,0
3758,2
3759,6
3760,7
3761,0
3762,1
3763,8
3764,0
3765,0
3766,0
3767,4
3768,6
3769,8
3770,2
3771,0
3772,9
3773,6
3774,4
3775,6
3776,3
3777,7
3778,5
3779,2
3780,6
3781,2
3782,0
3783,3
3784,5
3785,3
3786,5
3787,3
3788,8
3789,3
3790,6
3791,7
3792,0
3793,3
3794,0
3795,4
3796,5
3797,5
3798,5
3799,3
3800,3
3801,8
3802,9
3803,8
3804,5
3805,5
3806,1
3807,9
3808,5
3809,4
3810,3
3811,7
3812,9
3813,0
3814,5
3815,0
3816,8
3817,8
3818,9
3819,2
3820,2
3821,1
3822,1
3823,0
3824,7
3825,0
3826,6
3827,6
3828,0
3829,0
3830,3
3831,3
3832,4
3833,1
3834,9
3835,5
3836,9
3837,4
3838,9
3839,3
3840,2
3841,9
3842,9
3843,6
3844,0
3845,1
3846,9
3847,0
3848,8
3849,2
3850,1
3851,6
3852,7
3853,3
3854,9
3855,1
3856,1
3857,9
3858,8
3859,0
3860,3
3861,9
3862,6
3863,2
3864,1
3865,0
3866,0
3867,3
3868,2
3869,9
3870,5
3871,1
3872,7
3873,9
3874,3
3875,1
3876,7
3877,2
3878,3
3879,9
3880,6
3881,2
3882,5
3883,3
3884,1
3885,6
3886,0
3887,5
3888,9
3889,6
3890,7
3891,1
3892,6
3893,9
3894,5
3895,1
3896,2
3897,9
3898,7
3899,3
3900,0
3901,4
3902,9
3903,0
3904,1
3905,0
3906,0
3907,4
3908,0
3909,5
3910,2
3911,9
3912,0
3913,9
3914,6
3915,2
3916,3
3917,8
3918,0
3919,5
3920,9
3921,9
3922,1
3923,0
3924,0
3925,7
3926,9
3927,0
3928,3
3929,0
3930,9
3931,3
3932,8
3933,5
3934,5
3935,0
3936,6
3937,1
3938,8
3939,0
3940,6
3941,6
3942,2
3943,0
3944,0
3945,3
3946,8
3947,9
3948,0
3949,6
3950,8
3951,5
3952,6
3953,2
3954,3
3955,0
3956,5
3957,9
3958,9
3959,8
3960,2
3961,9
3962,5
3963,2
3964,9
3965,0
3966,7
3967,6
3968,0
3969,1
3970,1
3971,3
3972,4
3973,8
3974,8
3975,7
3976,3
3977,2
3978,6
3979,9
3980,9
3981,5
3982,7
3983,5
3984,6
3985,1
3986,4
3987,2
3988,6
3989,6
3990,2
3991,6
3992,7
3993,5
3994,8
3995,7
3996,7
3997,8
3998,1
3999,2
4000,0
4001,2
4002,8
4003,0
4004,1
4005,5
4006,0
4007,1
4008,1
4009,2
4010,6
4011,5
4012,3
4013,6
4014,9
4015,1
4016,3
4017,8
4018,1
4019,9
4020,9
4021,7
4022,6
4023,1
4024,8
4025,6
4026,7
4027,2
4028,0
4029,5
4030,1
4031,3
4032,1
4033,5
4034,4
4035,2
4036,0
4037,0
4038,9
4039,9
4040,8
4041,4
4042,8
4043,3
4044,2
4045,1
4046,5
4047,2
4048,2
4049,6
4050,6
4051,9
4052,2
4053,3
4054,8
4055,2
4056,8
4057,0
4058,3
4059,1
4060,3
4061,3
4062,0
4063,7
4064,3
4065,4
4066,2
4067,8
4068,8
4069,3
4070,5
4071,0
4072,5
4073,8
4074,2
4075,3
4076,2
4077,6
4078,3
4079,8
4080,1
4081,9
4082,8
4083,1
4084,0
4085,0
4086,9
4087,0
4088,4
4089,3
4090,6
4091,0
4092,2
4093,7
4094,3
4095,1
4096,1
4097,6
4098,3
4099,5
4100,2
4101,6
4102,6
4103,0
4104,0
4105,6
4106,0
4107,4
4108,6
4109,5
4110,7
4111,3
4112,5
4113,9
4114,5
4115,8
4116,7
4117,9
4118,1
4119,5
4120,0
4121,7
4122,6
4123,0
4124,9
4125,3
4126,0
4127,9
4128,0
4129,9
4130,6
4131,8
4132,8
4133,9
4134,2
4135,2
4136,2
4137,0
4138,6
4139,5
4140,1
4141,1
4142,2
4143,1
4144,9
4145,0
4146,6
4147,4
4148,1
4149,8
4150,3
4151,6
4152,2
4153,0
4154,2
4155,8
4156,3
4157,1
4158,2
4159,4
4160,2
4161,6
4162,4
4163,2
4164,1
4165,0
4166,1
4167,6
4168,8
4169,1
4170,9
4171,0
4172,5
4173,2
4174,2
4175,5
4176,8
4177,9
4178,2
4179,3
4180,0
4181,0
4182,1
4183,7
4184,6
4185,2
4186,7
4187,8
4188,6
4189,0
4190,3
4191,9
4192,0
4193,0
4194,8
4195,0
4196,8
4197,2
4198,8
4199,0
4200,5
4201,1
4202,0
4203,2
4204,6
4205,4
4206,9
4207,9
4208,2
4209,9
4210,5
4211,4
4212,1
4213,1
4214,4
4215,8
4216,0
4217,5
4218,9
4219,0
4220,0
4221,5
4222,8
4223,1
4224,7
4225,6
4226,0
4227,5
4228,0
4229,0
4230,2
4231,2
4232,6
4233,3
4234,2
4235,9
4236,1
4237,3
4238,5
4239,6
4240,0
4241,4
4242,0
4243,6
4244,4
4245,1
4246,5
4247,3
4248,3
4249,6
4250,1
4251,5
4252,0
4253,1
4254,8
4255,4
4256,0
4257,6
4258,8
4259,6
4260,9
4261,4
4262,0
4263,9
4264,2
4265,6
4266,6
4267,0
4268,7
4269,4
4270,0
4271,2
4272,7
4273,0
4274,1
4275,7
4276,1
4277,3
4278,1
4279,0
4280,9
4281,2
4282,5
4283,6
4284,5
4285,3
4286,2
4287,5
4288,1
4289,4
4290,2
4291,0
4292,1
4293,9
4294,5
4295,8
4296,7
4297,4
4298,0
4299,4
4300,8
4301,6
4302,5
4303,6
4304,2
4305,0
4306,5
4307,2
4308,0
4309,2
4310,4
4311,3
4312,0
4313,1
4314,4
4315,3
4316,0
4317,0
4318,1
4319,6
4320,3
4321,6
4322,4
4323,2
4324,0
4325,4
4326,7
4327,5
4328,0
4329,3
4330,1
4331,3
4332,0
4333,3
4334,1
4335,0
4336,0
4337,3
4338,0
4339,3
4340,0
4341,1
4342,1
4343,5
4344,4
4345,2
4346,1
4347,0
4348,8
4349,1
4350,6
4351,8
4352,3
4353,1
4354,9
4355,2
4356,1
4357,5
4358,3
4359,0
4360,1
4361,3
4362,4
4363,1
4364,7
4365,3
4366,8
4367,0
4368,1
4369,1
4370,7
4371,1
4372,0
4373,0
4374,0
4375,0
4376,6
4377,7
4378,8
4379,6
4380,8
4381,4
4382,0
4383,3
4384,8
4385,9
4386,6
4387,0
4388,0
4389,8
4390,5
4391,8
4392,5
4393,9
4394,5
4395,7
4396,0
4397,0
4398,5
4399,5
4400,6
4401,1
4402,6
4403,2
4404,5
4405,3
4406,0
4407,3
4408,2
4409,8
4410,6
4411,3
4412,7
4413,6
4414,6
4415,0
4416,6
4417,7
4418,1
4419,0
4420,3
4421,1
4422,8
4423,5
4424,0
4425,1
4426,0
4427,2
4428,8
4429,2
4430,0
4431,9
4432,3
4433,3
4434,0
4435,6
4436,6
4437,7
4438,2
4439,9
4440,3
4441,1
4442,3
4443,5
4444,5
4445,0
4446,3
4447,0
4448,6
4449,1
4450,0
4451,0
4452,3
4453,8
4454,8
4455,8
4456,7
4457,5
4458,3
4459,1
4460,9
4461,0
4462,3
4463,9
4464,3
4465,6
4466,9
4467,1
4468,6
4469,5
4470,9
4471,6
4472,1
4473,3
4474,3
4475,0
4476,6
4477,4
4478,1
4479,6
4480,3
4481,8
4482,2
4483,6
4484,6
4485,1
4486,6
4487,6
4488,4
4489,8
4490,1
4491,2
4492,7
4493,2
4494,0
4495,1
4496,1
4497,8
4498,0
4499,8
4500,6
4501,2
4502,0
4503,6
4504,0
4505,4
4506,7
4507,6
4508,0
4509,7
4510,8
4511,6
4512,0
4513,2
4514,8
4515,0
4516,5
4517,0
4518,0
4519,1
4520,3
4521,1
4522,2
4523,3
4524,5
4525,0
4526,2
4527,3
4528,4
4529,5
4530,0
4531,1
4532,1
4533,0
4534,6
4535,3
4536,9
4537,2
4538,1
4539,9
4540,9
4541,2
4542,1
4543,1
4544,0
4545,2
4546,0
4547,3
4548,0
4549,1
4550,5
4551,3
4552,0
4553,1
4554,4
4555,3
4556,2
4557,0
4558,0
4559,5
4560,4
4561,2
4562,2
4563,7
4564,9
4565,3
4566,0
4567,7
4568,8
4569,9
4570,4
4571,7
4572,0
4573,6
4574,1
4575,3
4576,6
4577,5
4578,5
4579,5
4580,8
4581,9
4582,1
4583,5
4584,2
4585,7
4586,1
4587,0
4588,0
4589,6
4590,2
4591,0
4592,5
4593,8
4594,8
4595,1
4596,3
4597,8
4598,1
4599,9
4600,2
4601,1
4602,1
4603,7
4604,2
4605,3
4606,9
4607,5
4608,3
4609,9
4610,6
4611,9
4612,7
4613,0
4614,2
4615,5
4616,2
4617,1
4618,6
4619,7
4620,5
4621,9
4622,2
4623,3
4624,6
4625,7
4626,5
4627,2
4628,2
4629,8
4630,5
4631,5
4632,0
4633,2
4634,3
4635,7
4636,1
4637,6
4638,4
4639,4
4640,6
4641,2
4642,6
4643,0
4644,1
4645,3
4646,3
4647,2
4648,6
4649,8
4650,3
4651,0
4652,5
4653,6
4654,2
4655,5
4656,9
4657,7
4658,7
4659,2
4660,4
4661,6
4662,6
4663,1
4664,0
4665,6
4666,3
4667,1
4668,3
4669,2
4670,8
4671,6
4672,2
4673,0
4674,6
4675,0
4676,9
4677,5
4678,7
4679,5
4680,9
4681,1
4682,5
4683,6
4684,8
4685,6
4686,9
4687,8
4688,3
4689,1
4690,2
4691,2
4692,9
4693,3
4694,0
4695,1
4696,3
4697,6
4698,3
4699,3
4700,6
4701,0
4702,3
4703,6
4704,7
4705,5
4706,6
4707,9
4708,1
4709,5
4710,4
4711,9
4712,1
4713,1
4714,6
4715,9
4716,0
4717,4
4718,3
4719,9
4720,1
4721,1
4722,3
4723,9
4724,2
4725,1
4726,9
4727,9
4728,9
4729,3
4730,4
4731,6
4732,4
4733,1
4734,4
4735,8
4736,5
4737,0
4738,5
4739,3
4740,3
4741,0
4742,8
4743,6
4744,8
4745,0
4746,6
4747,2
4748,1
4749,6
4750,2
4751,6
4752,0
4753,0
4754,1
4755,9
4756,4
4757,2
4758,6
4759,0
4760,2
4761,9
4762,1
4763,0
4764,0
4765,0
4766,1
4767,0
4768,6
4769,9
4770,9
4771,0
4772,5
4773,1
4774,6
4775,6
4776,5
4777,1
4778,6
4779,1
4780,0
4781,0
4782,4
4783,2
4784,1
4785,5
4786,5
4787,9
4788,8
4789,1
4790,7
4791,9
4792,7
4793,4
4794,6
4795,2
4796,9
4797,5
4798,0
4799,0
4800,9
4801,2
4802,4
4803,8
4804,3
4805,9
4806,3
4807,0
4808,3
4809,7
4810,3
4811,0
4812,8
4813,0
4814,4
4815,0
4816,6
4817,9
4818,4
4819,5
4820,3
4821,3
4822,1
4823,0
4824,0
4825,3
4826,2
4827,1
4828,6
4829,1
4830,6
4831,1
4832,6
4833,3
4834,0
4835,8
4836,9
4837,7
4838,7
4839,7
4840,0
4841,1
4842,4
4843,2
4844,2
4845,3
4846,4
4847,9
4848,1
4849,0
4850,5
4851,0
4852,0
4853,7
4854,0
4855,1
4856,0
4857,3
4858,7
4859,6
4860,3
4861,8
4862,0
4863,9
4864,1
4865,9
4866,1
4867,1
4868,5
4869,0
4870,8
4871,6
4872,3
4873,5
4874,7
4875,5
4876,0
4877,6
4878,6
4879,6
4880,0
4881,0
4882,6
4883,3
4884,4
4885,6
4886,3
4887,2
4888,3
4889,3
4890,1
4891,6
4892,6
4893,0
4894,4
4895,1
4896,0
4897,8
4898,6
4899,2
4900,0
4901,4
4902,6
4903,1
4904,4
4905,7
4906,6
4907,3
4908,2
4909,0
4910,8
4911,9
4912,1
4913,9
4914,3
4915,0
4916,6
4917,6
4918,6
4919,0
4920,2
4921,0
4922,0
4923,1
4924,9
4925,9
4926,1
4927,1
4928,1
4929,7
4930,1
4931,0
4932,3
4933,3
4934,0
4935,5
4936,0
4937,7
4938,9
4939,0
4940,6
4941,3
4942,3
4943,6
4944,8
4945,5
4946,2
4947,3
4948,1
4949,1
4950,6
4951,5
4952,1
4953,7
4954,9
4955,2
4956,4
4957,4
4958,6
4959,1
4960,4
4961,8
4962,3
4963,5
4964,2
4965,3
4966,3
4967,3
4968,0
4969,5
4970,5
4971,1
4972,0
4973,1
4974,4
4975,4
4976,3
4977,1
4978,8
4979,6
4980,9
4981,1
4982,7
4983,5
4984,2
4985,2
4986,0
4987,2
4988,5
4989,6
4990,7
4991,8
4992,0
4993,1
4994,7
4995,3
4996,2
4997,0
4998,3
4999,3
5000,2
5001,6
5002,8
5003,7
5004,4
5005,9
5006,9
5007,5
5008,7
5009,8
5010,3
5011,3
5012,3
5013,0
5014,7
5015,6
5016,8
5017,1
5018,0
5019,5
5020,3
5021,0
5022,2
5023,2
5024,8
5025,9
5026,6
5027,3
5028,1
5029,6
5030,4
5031,7
5032,0
5033,5
5034,0
5035,3
5036,0
5037,0
5038,5
5039,6
5040,3
5041,8
5042,4
5043,0
5044,4
5045,0
5046,0
5047,0
5048,9
5049,7
5050,1
5051,1
5052,5
5053,5
5054,9
5055,0
5056,3
5057,7
5058,1
5059,4
5060,6
5061,2
5062,2
5063,0
5064,3
5065,8
5066,2
5067,1
5068,0
5069,3
5070,3
5071,1
5072,1
5073,5
5074,9
5075,5
5076,5
5077,1
5078,0
5079,6
5080,6
5081,5
5082,1
5083,6
5084,5
5085,6
5086,2
5087,1
5088,3
5089,5
5090,1
5091,0
5092,4
5093,8
5094,0
5095,8
5096,0
5097,0
5098,9
5099,0
5100,4
5101,5
5102,4
5103,9
5104,9
5105,9
5106,6
5107,1
5108,9
5109,0
5110,0
5111,9
5112,9
5113,6
5114,3
5115,9
5116,6
5117,5
5118,2
5119,0
5120,0
5121,6
5122,6
5123,3
5124,0
5125,5
5126,4
5127,3
5128,6
5129,9
5130,3
5131,6
5132,0
5133,2
5134,6
5135,3
5136,5
5137,0
5138,9
5139,5
5140,0
5141,2
5142,8
5143,0
5144,7
5145,4
5146,9
5147,3
5148,3
5149,6
5150,2
5151,1
5152,1
5153,4
5154,0
5155,3
5156,8
5157,6
5158,4
5159,6
5160,0
5161,5
5162,0
5163,5
5164,8
5165,2
5166,3
5167,1
5168,7
5169,4
5170,9
5171,4
5172,3
5173,0
5174,4
5175,6
5176,9
5177,3
5178,3
5179,0
5180,4
5181,9
5182,3
5183,4
5184,5
5185,9
5186,4
5187,2
5188,8
5189,0
5190,8
5191,7
5192,1
5193,2
5194,3
5195,6
5196,0
5197,9
5198,0
5199,0
5200,3
5201,0
5202,9
5203,6
5204,1
5205,0
5206,4
5207,5
5208,1
5209,7
5210,5
5211,5
5212,5
5213,3
5214,0
5215,8
5216,6
5217,1
5218,2
5219,6
5220,0
5221,7
5222,1
5223,1
5224,0
5225,0
5226,6
5227,7
5228,2
5229,1
5230,1
5231,0
5232,3
5233,9
5234,0
5235,6
5236,0
5237,6
5238,2
5239,1
5240,1
5241,6
5242,7
5243,0
5244,2
5245,0
5246,5
5247,3
5248,1
5249,8
5250,9
5251,5
5252,2
5253,0
5254,9
5255,8
5256,1
5257,2
5258,2
5259,6
5260,0
5261,9
5262,5
5263,9
5264,7
5265,0
5266,3
5267,2
5268,3
5269,2
5270,3
5271,3
5272,0
5273,3
5274,2
5275,0
5276,1
5277,1
5278,0
5279,0
5280,9
5281,6
5282,7
5283,2
5284,6
5285,1
5286,8
5287,2
5288,6
5289,2
5290,5
5291,1
5292,6
5293,0
5294,3
5295,7
5296,4
5297,6
5298,3
5299,7
5300,8
5301,0
5302,0
5303,5
5304,1
5305,2
5306,6
5307,1
5308,0
5309,4
5310,5
5311,5
5312,9
5313,0
5314,7
5315,0
5316,5
5317,2
5318,1
5319,9
5320,0
5321,6
5322,6
5323,1
5324,9
5325,0
5326,3
5327,0
5328,9
5329,8
5330,1
5331,2
5332,7
5333,3
5334,2
5335,4
5336,5
5337,2
5338,8
5339,0
5340,2
5341,2
5342,0
5343,3
5344,5
5345,1
5346,0
5347,4
5348,5
5349,6
5350,4
5351,2
5352,9
5353,1
5354,1
5355,7
5356,7
5357,8
5358,8
5359,0
5360,1
5361,9
5362,1
5363,4
5364,4
5365,6
5366,5
5367,5
5368,3
5369,2
5370,0
5371,3
5372,8
5373,2
5374,8
5375,1
5376,3
5377,7
5378,3
5379,3
5380,9
5381,1
5382,0
5383,2
5384,6
5385,4
5386,3
5387,5
5388,6
5389,2
5390,7
5391,9
5392,9
5393,8
5394,0
5395,0
5396,1
5397,8
5398,8
5399,9
5400,9
5401,9
5402,4
5403,2
5404,8
5405,0
5406,6
5407,3
5408,0
5409,3
5410,6
5411,7
5412,6
5413,5
5414,2
5415,5
5416,5
5417,9
5418,1
5419,5
5420,5
5421,5
5422,3
5423,6
5424,3
5425,3
5426,5
5427,1
5428,6
5429,2
5430,7
5431,1
5432,9
5433,7
5434,3
5435,0
5436,6
5437,2
5438,4
5439,1
5440,5
5441,5
5442,2
5443,6
5444,9
5445,0
5446,1
5447,0
5448,9
5449,0
5450,1
5451,3
5452,0
5453,0
5454,0
5455,4
5456,1
5457,0
5458,3
5459,2
5460,3
5461,3
5462,1
5463,3
5464,3
5465,6
5466,8
5467,0
5468,9
5469,1
5470,1
5471,6
5472,9
5473,5
5474,3
5475,0
5476,6
5477,0
5478,6
5479,9
5480,2
5481,1
5482,4
5483,1
5484,4
5485,8
5486,2
5487,5
5488,2
5489,1
5490,1
5491,0
5492,0
5493,1
5494,9
5495,6
5496,6
5497,1
5498,5
5499,4
5500,9
5501,1
5502,6
5503,8
5504,6
5505,4
5506,7
5507,4
5508,7
5509,9
5510,5
5511,6
5512,5
5513,6
5514,0
5515,0
5516,0
5517,9
5518,0
5519,3
5520,3
5521,1
5522,0
5523,6
5524,8
5525,0
5526,1
5527,2
5528,7
5529,0
5530,3
5531,8
5532,1
5533,0
5534,2
5535,3
5536,6
5537,0
5538,2
5539,4
5540,5
5541,0
5542,0
5543,1
5544,7
5545,6
5546,4
5547,5
5548,2
5549,8
5550,6
5551,2
5552,3
5553,2
5554,1
5555,5
5556,9
5557,9
5558,5
5559,6
5560,6
5561,5
5562,3
5563,1
5564,6
5565,3
5566,9
5567,0
5568,7
5569,9
5570,5
5571,7
5572,5
5573,3
5574,7
5575,3
5576,2
5577,2
5578,4
5579,9
5580,6
5581,5
5582,2
5583,0
5584,0
5585,1
5586,0
5587,0
5588,5
5589,0
5590,0
5591,3
5592,3
5593,3
5594,9
5595,2
5596,9
5597,3
5598,3
5599,4
5600,9
5601,0
5602,6
5603,6
5604,2
5605,3
5606,9
5607,0
5608,9
5609,9
5610,3
5611,5
5612,8
5613,3
5614,0
5615,3
5616,6
5617,9
5618,9
5619,0
5620,6
5621,9
5622,6
5623,8
5624,1
5625,1
5626,0
5627,9
5628,1
5629,3
5630,4
5631,5
5632,9
5633,2
5634,1
5635,4
5636,8
5637,5
5638,2
5639,1
5640,0
5641,6
5642,2
5643,0
5644,5
5645,5
5646,8
5647,3
5648,7
5649,0
5650,6
5651,4
5652,0
5653,5
5654,2
5655,3
5656,7
5657,9
5658,6
5659,3
5660,0
5661,3
5662,1
5663,9
5664,3
5665,0
5666,1
5667,9
5668,0
5669,1
5670,5
5671,6
5672,9
5673,5
5674,7
5675,2
5676,3
5677,5
5678,2
5679,0
5680,1
5681,0
5682,3
5683,0
5684,7
5685,1
5686,9
5687,0
5688,9
5689,2
5690,3
5691,1
5692,9
5693,6
5694,3
5695,7
5696,1
5697,1
5698,4
5699,4
5700,4
5701,3
5702,0
5703,1
5704,6
5705,6
5706,2
5707,0
5708,4
5709,5
5710,6
5711,5
5712,6
5713,5
5714,3
5715,3
5716,0
5717,6
5718,1
5719,6
5720,9
5721,0
5722,0
5723,1
5724,5
5725,2
5726,1
5727,2
5728,4
5729,0
5730,9
5731,6
5732,5
5733,7
5734,6
5735,0
5736,5
5737,0
5738,5
5739,3
5740,4
5741,1
5742,6
5743,6
5744,0
5745,0
5746,1
5747,8
5748,3
5749,3
5750,5
5751,2
5752,1
5753,0
5754,3
5755,6
5756,4
5757,4
5758,1
5759,7
5760,3
5761,6
5762,0
5763,0
5764,7
5765,9
5766,8
5767,9
5768,3
5769,1
5770,1
5771,6
5772,0
5773,3
5774,1
5775,0
5776,0
5777,8
5778,7
5779,1
5780,7
5781,3
5782,7
5783,0
5784,3
5785,2
5786,2
5787,0
5788,4
5789,5
5790,3
5791,9
5792,2
5793,0
5794,2
5795,2
5796,9
5797,1
5798,1
5799,2
5800,7
5801,1
5802,1
5803,9
5804,0
5805,9
5806,0
5807,6
5808,3
5809,1
5810,6
5811,1
5812,2
5813,4
5814,8
5815,3
5816,5
5817,3
5818,7
5819,0
5820,3
5821,0
5822,4
5823,3
5824,9
5825,1
5826,1
5827,0
5828,5
5829,6
5830,3
5831,1
5832,6
5833,6
5834,5
5835,0
5836,2
5837,1
5838,3
5839,6
5840,5
5841,6
5842,2
5843,6
5844,0
5845,2
5846,3
5847,7
5848,5
5849,9
5850,2
5851,1
5852,3
5853,3
5854,4
5855,2
5856,2
5857,0
5858,0
5859,8
5860,9
5861,6
5862,5
5863,4
5864,5
5865,6
5866,4
5867,3
5868,9
5869,6
5870,6
5871,2
5872,1
5873,2
5874,3
5875,1
5876,1
5877,1
5878,3
5879,9
5880,8
5881,7
5882,0
5883,6
5884,3
5885,2
5886,6
5887,1
5888,5
5889,2
5890,6
5891,0
5892,1
5893,2
5894,5
5895,6
5896,9
5897,1
5898,3
5899,5
5900,5
5901,6
5902,0
5903,0
5904,3
5905,8
5906,2
5907,6
5908,7
5909,8
5910,0
5911,6
5912,1
5913,7
5914,9
5915,3
5916,3
5917,7
5918,1
5919,4
5920,3
5921,6
5922,7
5923,1
5924,3
5925,6
5926,1
5927,6
5928,3
5929,4
5930,4
5931,5
5932,6
5933,1
5934,0
5935,2
5936,7
5937,1
5938,0
5939,9
5940,2
5941,3
5942,1
5943,1
5944,4
5945,4
5946,3
5947,5
5948,0
5949,3
5950,0
5951,0
5952,1
5953,1
5954,8
5955,2
5956,3
5957,6
5958,9
5959,2
5960,0
5961,6
5962,7
5963,1
5964,1
5965,8
5966,9
5967,0
5968,0
5969,2
5970,9
5971,5
5972,0
5973,6
5974,0
5975,4
5976,8
5977,6
5978,1
5979,1
5980,9
5981,6
5982,5
5983,2
5984,0
5985,7
5986,1
5987,3
5988,9
5989,8
5990,8
5991,5
5992,4
5993,2
5994,3
5995,1
5996,2
5997,6
5998,5
5999,1
6000,0
6001,9
6002,0
6003,0
6004,3
6005,3
6006,0
6007,6
6008,5
6009,6
6010,2
6011,5
6012,7
6013,3
6014,0
6015,9
6016,6
6017,1
6018,6
6019,6
6020,9
6021,6
6022,0
6023,3
6024,8
6025,2
6026,3
6027,3
6028,8
6029,0
6030,9
6031,5
6032,1
6033,2
6034,9
6035,6
6036,0
6037,1
6038,3
6039,8
6040,1
6041,4
6042,0
6043,2
6044,0
6045,8
6046,2
6047,1
6048,1
6049,0
6050,6
6051,2
6052,8
6053,6
6054,2
6055,0
6056,5
6057,8
6058,7
6059,1
6060,5
6061,0
6062,6
6063,5
6064,3
6065,4
6066,5
6067,1
6068,3
6069,8
6070,9
6071,2
6072,7
6073,0
6074,4
6075,0
6076,4
6077,3
6078,2
6079,5
6080,1
6081,7
6082,0
6083,2
6084,1
6085,1
6086,5
6087,5
6088,3
6089,2
6090,1
6091,0
6092,2
6093,6
6094,3
6095,1
6096,0
6097,6
6098,6
6099,0
6100,1
6101,1
6102,6
6103,1
6104,1
6105,0
6106,0
6107,0
6108,0
6109,2
6110,9
6111,0
6112,1
6113,7
6114,0
6115,0
6116,3
6117,1
6118,1
6119,1
6120,5
6121,2
6122,1
6123,0
6124,9
6125,1
6126,5
6127,7
6128,0
6129,9
6130,1
6131,0
6132,9
6133,0
6134,6
6135,1
6136,4
6137,4
6138,0
6139,9
6140,0
6141,8
6142,7
6143,9
6144,5
6145,4
6146,1
6147,9
6148,2
6149,0
6150,9
6151,6
6152,3
6153,6
6154,0
6155,0
6156,1
6157,2
6158,0
6159,1
6160,6
6161,2
6162,0
6163,8
6164,4
6165,4
6166,7
6167,3
6168,5
6169,0
6170,6
6171,2
6172,5
6173,1
6174,1
6175,6
6176,6
6177,3
6178,3
6179,9
6180,0
6181,4
6182,8
6183,3
6184,2
6185,6
6186,1
6187,0
6188,1
6189,0
6190,6
6191,8
6192,7
6193,9
6194,0
6195,9
6196,5
6197,5
6198,3
6199,5
6200,0
6201,1
6202,5
6203,3
6204,4
6205,0
6206,6
6207,9
6208,8
6209,7
6210,6
6211,8
6212,9
6213,1
6214,3
6215,0
6216,9
6217,8
6218,1
6219,7
6220,7
6221,0
6222,0
6223,0
6224,6
6225,0
6226,0
6227,3
6228,4
6229,4
6230,1
6231,4
6232,6
6233,7
6234,3
6235,3
6236,1
6237,6
6238,8
6239,6
6240,2
6241,4
6242,0
6243,7
6244,0
6245,5
6246,5
6247,2
6248,0
6249,5
6250,3
6251,9
6252,2
6253,6
6254,4
6255,4
6256,9
6257,0
6258,0
6259,0
6260,1
6261,0
6262,0
6263,7
6264,2
6265,4
6266,5
6267,3
6268,5
6269,7
6270,7
6271,6
6272,5
6273,0
6274,5
6275,7
6276,6
6277,3
6278,6
6279,9
6280,5
6281,3
6282,3
6283,1
6284,4
6285,0
6286,2
6287,3
6288,6
6289,3
6290,5
6291,0
6292,5
6293,6
6294,0
6295,8
6296,9
6297,5
6298,0
6299,9
6300,3
6301,1
6302,0
6303,7
6304,1
6305,7
6306,9
6307,0
6308,2
6309,1
6310,2
6311,0
6312,1
6313,9
6314,6
6315,5
6316,7
6317,0
6318,0
6319,4
6320,8
6321,8
6322,0
6323,5
6324,7
6325,7
6326,5
6327,6
6328,8
6329,8
6330,3
6331,0
6332,7
6333,6
6334,2
6335,1
6336,2
6337,9
6338,3
6339,5
6340,0
6341,5
6342,0
6343,9
6344,5
6345,5
6346,8
6347,8
6348,9
6349,0
6350,0
6351,0
6352,4
6353,4
6354,6
6355,0
6356,2
6357,2
6358,1
6359,9
6360,6
6361,0
6362,4
6363,0
6364,8
6365,8
6366,8
6367,2
6368,3
6369,2
6370,2
6371,3
6372,1
6373,0
6374,1
6375,5
6376,1
6377,4
6378,3
6379,8
6380,6
6381,9
6382,5
6383,2
6384,6
6385,5
6386,5
6387,3
6388,1
6389,4
6390,7
6391,8
6392,6
6393,0
6394,9
6395,0
6396,5
6397,6
6398,6
6399,1
6400,5
6401,6
6402,0
6403,6
6404,0
6405,3
6406,9
6407,2
6408,8
6409,1
6410,1
6411,8
6412,9
6413,6
6414,4
6415,2
6416,3
6417,7
6418,1
6419,0
6420,7
6421,2
6422,3
6423,6
6424,0
6425,0
6426,1
6427,0
6428,0
6429,6
6430,7
6431,0
6432,7
6433,6
6434,8
6435,7
6436,8
6437,0
6438,8
6439,2
6440,9
6441,3
6442,6
6443,8
6444,0
6445,6
6446,3
6447,9
6448,7
6449,0
6450,0
6451,6
6452,5
6453,1
6454,2
6455,2
6456,2
6457,2
6458,2
6459,3
6460,5
6461,6
6462,0
6463,8
6464,1
6465,5
6466,0
6467,3
6468,8
6469,9
6470,9
6471,5
6472,0
6473,9
6474,0
6475,3
6476,0
6477,5
6478,4
6479,4
6480,0
6481,9
6482,7
6483,6
6484,0
6485,9
6486,1
6487,6
6488,9
6489,8
6490,8
6491,0
6492,1
6493,1
6494,7
6495,4
6496,3
6497,2
6498,4
6499,0
6500,6
6501,1
6502,6
6503,6
6504,5
6505,3
6506,5
6507,9
6508,0
6509,9
6510,2
6511,1
6512,6
6513,0
6514,5
6515,9
6516,2
6517,1
6518,5
6519,5
6520,6
6521,6
6522,1
6523,2
6524,8
6525,5
6526,9
6527,2
6528,8
6529,3
6530,3
6531,6
6532,3
6533,9
6534,7
6535,3
6536,7
6537,8
6538,3
6539,1
6540,9
6541,9
6542,4
6543,3
6544,0
6545,0
6546,2
6547,2
6548,0
6549,0
6550,0
6551,2
6552,9
6553,2
6554,7
6555,1
6556,7
6557,9
6558,0
6559,2
6560,7
6561,8
6562,9
6563,1
6564,3
6565,1
6566,6
6567,2
6568,5
6569,1
6570,0
6571,7
6572,7
6573,6
6574,1
6575,3
6576,7
6577,6
6578,6
6579,1
6580,7
6581,7
6582,7
6583,0
6584,3
6585,1
6586,6
6587,3
6588,8
6589,6
6590,4
6591,5
6592,2
6593,0
6594,0
6595,0
6596,5
6597,7
6598,9
6599,6
6600,7
6601,0
6602,8
6603,6
6604,5
6605,5
6606,1
6607,1
6608,5
6609,5
6610,8
6611,8
6612,5
6613,2
6614,2
6615,9
6616,0
6617,5
6618,0
6619,9
6620,9
6621,7
6622,4
6623,0
6624,4
6625,4
6626,2
6627,5
6628,6
6629,0
6630,2
6631,2
6632,3
6633,6
6634,0
6635,0
6636,2
6637,3
6638,8
6639,8
6640,0
6641,3
6642,7
6643,1
6644,0
6645,6
6646,5
6647,3
6648,1
6649,9
6650,9
6651,6
6652,2
6653,0
6654,7
6655,1
6656,5
6657,4
6658,5
6659,1
6660,9
6661,2
6662,4
6663,0
6664,4
6665,0
6666,6
6667,7
6668,6
6669,2
6670,3
6671,3
6672,9
6673,6
6674,5
6675,0
6676,1
6677,8
6678,9
6679,7
6680,1
6681,9
6682,4
6683,5
6684,1
6685,3
6686,0
6687,9
6688,9
6689,2
6690,0
6691,7
6692,6
6693,5
6694,4
6695,5
6696,0
6697,2
6698,6
6699,2
6700,8
6701,1
6702,7
6703,3
6704,9
6705,2
6706,2
6707,0
6708,0
6709,3
6710,1
6711,5
6712,0
6713,3
6714,9
6715,2
6716,0
6717,3
6718,3
6719,1
6720,2
6721,2
6722,6
6723,4
6724,9
6725,5
6726,6
6727,4
6728,1
6729,5
6730,2
6731,3
6732,3
6733,6
6734,0
6735,0
6736,3
6737,8
6738,0
6739,4
6740,2
6741,3
6742,0
6743,8
6744,1
6745,2
6746,5
6747,3
6748,1
6749,8
6750,2
6751,9
6752,1
6753,9
6754,5
6755,3
6756,0
6757,4
6758,8
6759,3
6760,6
6761,3
6762,2
6763,5
6764,3
6765,4
6766,1
6767,1
6768,6
6769,3
6770,1
6771,0
6772,9
6773,6
6774,1
6775,4
6776,8
6777,2
6778,5
6779,2
6780,2
6781,3
6782,0
6783,0
6784,9
6785,3
6786,3
6787,5
6788,1
6789,8
6790,3
6791,0
6792,4
6793,3
6794,9
6795,2
6796,6
6797,0
6798,6
6799,7
6800,2
6801,6
6802,6
6803,6
6804,1
6805,1
6806,8
6807,9
6808,1
6809,2
6810,8
6811,1
6812,1
6813,6
6814,7
6815,1
6816,1
6817,9
6818,2
6819,3
6820,0
6821,0
6822,5
6823,6
6824,0
6825,6
6826,1
6827,0
6828,6
6829,9
6830,1
6831,0
6832,9
6833,5
6834,7
6835,2
6836,0
6837,3
6838,7
6839,2
6840,7
6841,1
6842,0
6843,9
6844,0
6845,2
6846,9
6847,8
6848,0
6849,2
6850,3
6851,0
6852,4
6853,5
6854,0
6855,4
6856,6
6857,3
6858,5
6859,3
6860,0
6861,8
6862,6
6863,7
6864,5
6865,3
6866,6
6867,2
6868,0
6869,6
6870,0
6871,5
6872,6
6873,7
6874,6
6875,2
6876,2
6877,0
6878,3
6879,2
6880,3
6881,1
6882,9
6883,6
6884,0
6885,1
6886,5
6887,1
6888,2
6889,0
6890,6
6891,9
6892,3
6893,3
6894,6
6895,6
6896,4
6897,9
6898,1
6899,3
6900,2
6901,9
6902,6
6903,3
6904,1
6905,3
6906,5
6907,6
6908,2
6909,2
6910,0
6911,6
6912,0
6913,3
6914,0
6915,6
6916,5
6917,2
6918,9
6919,6
6920,6
6921,6
6922,2
6923,0
6924,3
6925,6
6926,9
6927,8
6928,6
6929,2
6930,0
6931,6
6932,5
6933,0
6934,1
6935,2
6936,2
6937,0
6938,4
6939,2
6940,9
6941,1
6942,1
6943,2
6944,2
6945,0
6946,3
6947,3
6948,2
6949,0
6950,0
6951,1
6952,3
6953,0
6954,3
6955,7
6956,6
6957,3
6958,0
6959,2
6960,1
6961,5
6962,0
6963,4
6964,5
6965,3
6966,3
6967,1
6968,8
6969,2
6970,0
6971,1
6972,0
6973,2
6974,0
6975,8
6976,0
6977,3
6978,1
6979,3
6980,3
6981,7
6982,9
6983,9
6984,1
6985,9
6986,7
6987,0
6988,6
6989,6
6990,3
6991,0
6992,3
6993,2
6994,5
6995,9
6996,4
6997,0
6998,1
6999,0
7000,8
7001,1
7002,5
7003,4
7004,0
7005,8
7006,3
7007,1
7008,3
7009,5
7010,0
7011,2
7012,0
7013,1
7014,1
7015,3
7016,3
7017,3
7018,0
7019,2
7020,1
7021,9
7022,0
7023,5
7024,1
7025,3
7026,3
7027,0
7028,9
7029,0
7030,2
7031,9
7032,6
7033,0
7034,1
7035,6
7036,3
7037,5
7038,0
7039,4
7040,3
7041,9
7042,8
7043,9
7044,1
7045,5
7046,1
7047,7
7048,3
7049,0
7050,7
7051,0
7052,0
7053,0
7054,5
7055,5
7056,0
7057,6
7058,9
7059,7
7060,1
7061,5
7062,2
7063,8
7064,0
7065,1
7066,6
7067,3
7068,0
7069,7
7070,5
7071,8
7072,9
7073,7
7074,0
7075,1
7076,6
7077,8
7078,2
7079,3
7080,5
7081,3
7082,8
7083,3
7084,7
7085,5
7086,9
7087,5
7088,0
7089,5
7090,2
7091,5
7092,2
7093,5
7094,6
7095,1
7096,1
7097,3
7098,7
7099,6
7100,1
7101,6
7102,1
7103,0
7104,3
7105,1
7106,7
7107,4
7108,2
7109,1
7110,0
7111,2
7112,0
7113,9
7114,8
7115,2
7116,0
7117,1
7118,5
7119,0
7120,4
7121,1
7122,1
7123,3
7124,6
7125,3
7126,8
7127,0
7128,3
7129,7
7130,6
7131,1
7132,5
7133,0
7134,6
7135,4
7136,5
7137,5
7138,0
7139,7
7140,1
7141,2
7142,0
7143,6
7144,8
7145,2
7146,9
7147,7
7148,1
7149,6
7150,0
7151,9
7152,3
7153,0
7154,0
7155,1
7156,1
7157,6
7158,0
7159,6
7160,2
7161,6
7162,5
7163,6
7164,0
7165,0
7166,5
7167,7
7168,2
7169,1
7170,9
7171,6
7172,6
7173,1
7174,6
7175,7
7176,3
7177,7
7178,0
7179,9
7180,3
7181,7
7182,8
7183,6
7184,2
7185,8
7186,3
7187,3
7188,2
7189,8
7190,2
7191,9
7192,0
7193,0
7194,0
7195,9
7196,0
7197,3
7198,8
7199,5
7200,3
7201,1
7202,6
7203,0
7204,7
7205,9
7206,2
7207,5
7208,5
7209,0
7210,2
7211,1
7212,2
7213,5
7214,5
7215,4
7216,5
7217,3
7218,8
7219,0
7220,7
7221,5
7222,8
7223,4
7224,2
7225,0
7226,7
7227,6
7228,0
7229,5
7230,2
7231,9
7232,1
7233,0
7234,6
7235,6
7236,6
7237,4
7238,6
7239,4
7240,8
7241,3
7242,1
7243,7
7244,0
7245,6
7246,0
7247,1
7248,6
7249,0
7250,0
7251,7
7252,0
7253,6
7254,0
7255,3
7256,6
7257,8
7258,3
7259,6
7260,9
7261,0
7262,5
7263,2
7264,2
7265,1
7266,1
7267,4
7268,3
7269,2
7270,9
7271,6
7272,1
7273,1
7274,9
7275,6
7276,1
7277,4
7278,4
7279,3
7280,6
7281,2
7282,1
7283,6
7284,0
7285,8
7286,6
7287,6
7288,7
7289,0
7290,3
7291,3
7292,5
7293,5
7294,5
7295,3
7296,3
7297,1
7298,2
7299,3
7300,0
7301,3
7302,8
7303,0
7304,3
7305,6
7306,4
7307,9
7308,2
7309,1
7310,5
7311,9
7312,0
7313,6
7314,5
7315,0
7316,7
7317,6
7318,4
7319,8
7320,0
7321,1
7322,5
7323,5
7324,0
7325,4
7326,6
7327,6
7328,2
7329,7
7330,3
7331,3
7332,9
7333,1
7334,3
7335,4
7336,9
7337,6
7338,6
7339,6
7340,2
7341,6
7342,5
7343,6
7344,1
7345,6
7346,3
7347,0
7348,6
7349,3
7350,9
7351,9
7352,6
7353,8
7354,0
7355,7
7356,0
7357,6
7358,8
7359,6
7360,7
7361,5
7362,9
7363,1
7364,2
7365,4
7366,2
7367,6
7368,7
7369,0
7370,1
7371,6
7372,0
7373,0
7374,6
7375,0
7376,0
7377,5
7378,7
7379,7
7380,2
7381,6
7382,0
7383,7
7384,2
7385,9
7386,0
7387,8
7388,6
7389,7
7390,7
7391,6
7392,1
7393,1
7394,1
7395,5
7396,0
7397,5
7398,5
7399,9
7400,3
7401,1
7402,0
7403,4
7404,0
7405,9
7406,7
7407,9
7408,3
7409,8
7410,4
7411,3
7412,8
7413,6
7414,0
7415,2
7416,7
7417,3
7418,0
7419,6
7420,4
7421,8
7422,7
7423,6
7424,7
7425,2
7426,7
7427,2
7428,0
7429,3
7430,4
7431,1
7432,9
7433,5
7434,0
7435,1
7436,0
7437,6
7438,2
7439,0
7440,3
7441,7
7442,2
7443,1
7444,9
7445,6
7446,2
7447,1
7448,4
7449,4
7450,7
7451,1
7452,5
7453,4
7454,0
7455,1
7456,9
7457,6
7458,2
7459,9
7460,5
7461,0
7462,7
7463,0
7464,9
7465,0
7466,6
7467,6
7468,8
7469,4
7470,9
7471,0
7472,9
7473,9
7474,9
7475,4
7476,5
7477,7
7478,0
7479,6
7480,1
7481,5
7482,2
7483,1
7484,1
7485,8
7486,1
7487,1
7488,4
7489,3
7490,2
7491,3
7492,3
7493,3
7494,6
7495,7
7496,2
7497,6
7498,2
7499,1
7500,1
7501,1
7502,6
7503,9
7504,3
7505,7
7506,2
7507,1
7508,3
7509,4
7510,1
7511,8
7512,1
7513,4
7514,7
7515,7
7516,1
7517,6
7518,4
7519,3
7520,6
7521,4
7522,5
7523,0
7524,4
7525,0
7526,8
7527,1
7528,5
7529,3
7530,8
7531,6
7532,1
7533,0
7534,6
7535,1
7536,0
7537,2
7538,3
7539,6
7540,3
7541,0
7542,6
7543,1
7544,0
7545,7
7546,3
7547,1
7548,6
7549,3
7550,4
7551,5
7552,7
7553,3
7554,5
7555,9
7556,3
7557,8
7558,4
7559,1
7560,9
7561,2
7562,3
7563,9
7564,0
7565,1
7566,2
7567,7
7568,6
7569,7
7570,2
7571,5
7572,9
7573,0
7574,0
7575,4
7576,8
7577,9
7578,1
7579,5
7580,8
7581,9
7582,5
7583,4
7584,1
7585,3
7586,2
7587,0
7588,6
7589,2
7590,5
7591,6
7592,9
7593,6
7594,0
7595,4
7596,5
7597,9
7598,3
7599,8
7600,2
7601,2
7602,6
7603,1
7604,0
7605,6
7606,5
7607,0
7608,3
7609,0
7610,6
7611,8
7612,1
7613,5
7614,5
7615,6
7616,0
7617,9
7618,5
7619,5
7620,5
7621,9
7622,9
7623,6
7624,4
7625,0
7626,1
7627,3
7628,0
7629,4
7630,7
7631,0
7632,0
7633,1
7634,0
7635,9
7636,9
7637,1
7638,1
7639,1
7640,8
7641,6
7642,1
7643,9
7644,3
7645,0
7646,2
7647,6
7648,2
7649,2
7650,1
7651,4
7652,0
7653,8
7654,3
7655,0
7656,1
7657,8
7658,0
7659,2
7660,3
7661,9
7662,1
7663,8
7664,0
7665,3
7666,2
7667,0
7668,3
7669,2
7670,4
7671,5
7672,6
7673,3
7674,1
7675,3
7676,6
7677,2
7678,8
7679,5
7680,6
7681,0
7682,3
7683,0
7684,2
7685,0
7686,4
7687,5
7688,0
7689,8
7690,6
7691,3
7692,0
7693,0
7694,9
7695,8
7696,0
7697,0
7698,8
7699,0
7700,3
7701,0
7702,0
7703,0
7704,1
7705,6
7706,2
7707,6
7708,2
7709,5
7710,5
7711,3
7712,6
7713,0
7714,8
7715,1
7716,7
7717,5
7718,0
7719,0
7720,3
7721,5
7722,6
7723,6
7724,1
7725,4
7726,6
7727,6
7728,9
7729,1
7730,5
7731,7
7732,7
7733,0
7734,8
7735,0
7736,4
7737,8
7738,0
7739,0
7740,5
7741,0
7742,0
7743,1
7744,5
7745,2
7746,0
7747,4
7748,8
7749,9
7750,6
7751,9
7752,0
7753,9
7754,3
7755,7
7756,3
7757,3
7758,7
7759,0
7760,2
7761,3
7762,7
7763,3
7764,3
7765,8
7766,6
7767,4
7768,0
7769,0
7770,9
7771,0
7772,1
7773,1
7774,1
7775,2
7776,8
7777,3
7778,6
7779,2
7780,8
7781,6
7782,9
7783,6
7784,1
7785,8
7786,9
7787,5
7788,1
7789,3
7790,9
7791,5
7792,8
7793,8
7794,6
7795,3
7796,0
7797,2
7798,3
7799,0
7800,0
7801,3
7802,5
7803,0
7804,3
7805,1
7806,9
7807,9
7808,0
7809,7
7810,6
7811,8
7812,3
7813,0
7814,4
7815,9
7816,5
7817,6
7818,0
7819,6
7820,3
7821,0
7822,2
7823,0
7824,2
7825,6
7826,0
7827,2
7828,2
7829,5
7830,7
7831,6
7832,0
7833,0
7834,6
7835,0
7836,0
7837,0
7838,0
7839,5
7840,3
7841,3
7842,0
7843,0
7844,0
7845,5
7846,3
7847,4
7848,2
7849,8
7850,9
7851,8
7852,4
7853,3
7854,9
7855,0
7856,3
7857,6
7858,4
7859,3
7860,3
7861,5
7862,1
7863,0
7864,1
7865,5
7866,6
7867,9
7868,0
7869,0
7870,6
7871,7
7872,5
7873,0
7874,3
7875,5
7876,5
7877,1
7878,3
7879,1
7880,0
7881,2
7882,2
7883,0
7884,5
7885,5
7886,7
7887,5
7888,7
7889,0
7890,3
7891,6
7892,3
7893,9
7894,1
7895,6
7896,0
7897,7
7898,2
7899,2
7900,6
7901,1
7902,8
7903,1
7904,0
7905,2
7906,2
7907,3
7908,9
7909,9
7910,5
7911,6
7912,5
7913,0
7914,5
7915,7
7916,6
7917,6
7918,3
7919,0
7920,3
7921,4
7922,2
7923,4
7924,5
7925,1
7926,0
7927,6
7928,5
7929,2
7930,0
7931,2
7932,0
7933,3
7934,8
7935,2
7936,5
7937,1
7938,1
7939,1
7940,2
7941,6
7942,1
7943,7
7944,0
7945,1
7946,1
7947,6
7948,1
7949,5
7950,9
7951,2
7952,8
7953,3
7954,1
7955,9
7956,1
7957,1
7958,8
7959,7
7960,0
7961,6
7962,1
7963,5
7964,9
7965,0
7966,5
7967,6
7968,8
7969,2
7970,0
7971,5
7972,6
7973,9
7974,0
7975,4
7976,0
7977,8
7978,5
7979,6
7980,4
7981,5
7982,4
7983,1
7984,8
7985,3
7986,9
7987,3
7988,5
7989,6
7990,0
7991,9
7992,6
7993,5
7994,0
7995,0
7996,1
7997,0
7998,5
7999,6
8000,9
8001,9
8002,3
8003,1
8004,0
8005,1
8006,8
8007,9
8008,0
8009,6
8010,3
8011,1
8012,3
8013,1
8014,6
8015,0
8016,8
8017,0
8018,0
8019,1
8020,3
8021,1
8022,5
8023,3
8024,0
8025,1
8026,9
8027,6
8028,1
8029,3
8030,1
8031,0
8032,1
8033,9
8034,5
8035,1
8036,6
8037,0
8038,3
8039,1
8040,3
8041,3
8042,7
8043,2
8044,1
8045,1
8046,0
8047,4
8048,0
8049,9
8050,5
8051,9
8052,7
8053,1
8054,9
8055,6
8056,9
8057,0
8058,9
8059,1
8060,6
8061,0
8062,2
8063,9
8064,0
8065,9
8066,0
8067,9
8068,9
8069,6
8070,4
8071,6
8072,2
8073,9
8074,3
8075,8
8076,7
8077,7
8078,5
8079,0
8080,5
8081,1
8082,8
8083,3
8084,5
8085,5
8086,0
8087,5
8088,0
8089,9
8090,9
8091,1
8092,1
8093,4
8094,9
8095,6
8096,3
8097,5
8098,1
8099,5
8100,8
8101,0
8102,5
8103,7
8104,2
8105,2
8106,0
8107,1
8108,2
8109,6
8110,3
8111,3
8112,3
8113,3
8114,3
8115,3
8116,9
8117,8
8118,8
8119,0
8120,8
8121,1
8122,0
8123,0
8124,7
8125,1
8126,5
8127,1
8128,1
8129,6
8130,8
8131,3
8132,1
8133,3
8134,2
8135,2
8136,0
8137,3
8138,9
8139,1
8140,1
8141,6
8142,8
8143,1
8144,6
8145,8
8146,3
8147,3
8148,1
8149,9
8150,3
8151,0
8152,3
8153,0
8154,5
8155,7
8156,8
8157,1
8158,3
8159,5
8160,0
8161,2
8162,9
8163,0
8164,3
8165,9
8166,2
8167,9
8168,3
8169,3
8170,3
8171,2
8172,2
8173,3
8174,9
8175,6
8176,9
8177,8
8178,9
8179,4
8180,2
8181,3
8182,0
8183,3
8184,7
8185,0
8186,0
8187,7
8188,7
8189,4
8190,2
8191,2
8192,5
8193,2
8194,1
8195,9
8196,3
8197,1
8198,7
8199,4
8200,6
8201,0
8202,6
8203,5
8204,5
8205,2
8206,0
8207,7
8208,0
8209,5
8210,1
8211,6
8212,1
8213,6
8214,9
8215,7
8216,5
8217,9
8218,6
8219,1
8220,2
8221,7
8222,0
8223,9
8224,5
8225,0
8226,1
8227,1
8228,8
8229,1
8230,0
8231,1
8232,3
8233,2
8234,9
8235,7
8236,3
8237,8
8238,1
8239,1
8240,7
8241,0
8242,0
8243,8
8244,2
8245,9
8246,8
8247,6
8248,1
8249,4
8250,6
8251,1
8252,1
8253,0
8254,0
8255,1
8256,0
8257,6
8258,3
8259,9
8260,3
8261,3
8262,0
8263,5
8264,0
8265,7
8266,4
8267,2
8268,7
8269,1
8270,3
8271,2
8272,3
8273,7
8274,0
8275,6
8276,9
8277,9
8278,4
8279,3
8280,1
8281,5
8282,9
8283,2
8284,2
8285,9
8286,2
8287,0
8288,5
8289,5
8290,8
8291,3
8292,1
8293,0
8294,8
8295,5
8296,3
8297,1
8298,2
8299,3
8300,5
8301,5
8302,3
8303,0
8304,6
8305,6
8306,4
8307,2
8308,3
8309,6
8310,5
8311,8
8312,1
8313,4
8314,6
8315,3
8316,5
8317,3
8318,6
8319,3
8320,1
8321,2
8322,2
8323,7
8324,6
8325,0
8326,6
8327,6
8328,1
8329,8
8330,5
8331,2
8332,8
8333,4
8334,3
8335,3
8336,3
8337,5
8338,6
8339,8
8340,5
8341,3
8342,9
8343,3
8344,7
8345,1
8346,4
8347,1
8348,4
8349,4
8350,9
8351,5
8352,0
8353,7
8354,2
8355,9
8356,0
8357,1
8358,9
8359,2
8360,1
8361,5
8362,1
8363,4
8364,1
8365,4
8366,9
8367,2
8368,3
8369,6
8370,6
8371,0
8372,1
8373,0
8374,1
8375,6
8376,2
8377,8
8378,5
8379,0
8380,9
8381,1
8382,3
8383,6
8384,1
8385,9
8386,2
8387,8
8388,2
8389,2
8390,1
8391,9
8392,6
8393,8
8394,1
8395,1
8396,5
8397,0
8398,6
8399,2
8400,0
8401,6
8402,1
8403,2
8404,2
8405,0
8406,1
8407,0
8408,0
8409,8
8410,6
8411,0
8412,8
8413,2
8414,1
8415,9
8416,2
8417,0
8418,0
8419,6
8420,6
8421,6
8422,8
8423,3
8424,6
8425,6
8426,9
8427,0
8428,5
8429,5
8430,9
8431,0
8432,5
8433,3
8434,9
8435,2
8436,5
8437,2
8438,6
8439,4
8440,5
8441,9
8442,0
8443,5
8444,3
8445,4
8446,2
8447,7
8448,3
8449,4
8450,3
8451,3
8452,5
8453,3
8454,0
8455,1
8456,9
8457,0
8458,3
8459,0
8460,0
8461,7
8462,3
8463,3
8464,6
8465,9
8466,7
8467,5
8468,6
8469,3
8470,0
8471,8
8472,2
8473,8
8474,6
8475,6
8476,6
8477,4
8478,3
8479,3
8480,2
8481,5
8482,9
8483,0
8484,2
8485,0
8486,2
8487,2
8488,4
8489,8
8490,3
8491,3
8492,9
8493,2
8494,0
8495,5
8496,9
8497,4
8498,7
8499,9
8500,6
8501,0
8502,1
8503,5
8504,1
8505,6
8506,9
8507,0
8508,3
8509,0
8510,7
8511,3
8512,1
8513,1
8514,7
8515,1
8516,6
8517,9
8518,0
8519,6
8520,6
8521,0
8522,1
8523,6
8524,6
8525,6
8526,4
8527,5
8528,1
8529,0
8530,1
8531,1
8532,6
8533,9
8534,3
8535,5
8536,0
8537,1
8538,2
8539,6
8540,6
8541,4
8542,1
8543,8
8544,6
8545,3
8546,5
8547,3
8548,5
8549,1
8550,5
8551,8
8552,1
8553,1
8554,1
8555,3
8556,9
8557,6
8558,3
8559,9
8560,6
8561,0
8562,2
8563,3
8564,8
8565,3
8566,7
8567,1
8568,7
8569,1
8570,6
8571,9
8572,1
8573,0
8574,0
8575,1
8576,0
8577,2
8578,2
8579,1
8580,0
8581,9
8582,2
8583,2
8584,1
8585,9
8586,6
8587,3
8588,3
8589,7
8590,0
8591,2
8592,0
8593,1
8594,5
8595,7
8596,1
8597,3
8598,5
8599,6
8600,2
8601,5
8602,0
8603,9
8604,0
8605,1
8606,5
8607,9
8608,9
8609,2
8610,6
8611,3
8612,6
8613,6
8614,8
8615,1
8616,3
8617,5
8618,3
8619,3
8620,5
8621,0
8622,2
8623,7
8624,9
8625,2
8626,3
8627,3
8628,6
8629,5
8630,1
8631,3
8632,9
8633,1
8634,5
8635,2
8636,5
8637,8
8638,0
8639,0
8640,1
8641,7
8642,3
8643,0
8644,1
8645,1
8646,3
8647,2
8648,8
8649,6
8650,3
8651,7
8652,9
8653,1
8654,5
8655,9
8656,8
8657,0
8658,9
8659,4
8660,6
8661,0
8662,1
8663,9
8664,5
8665,8
8666,5
8667,2
8668,6
8669,4
8670,3
8671,6
8672,2
8673,0
8674,1
8675,0
8676,0
8677,3
8678,1
8679,1
8680,9
8681,3
8682,3
8683,9
8684,3
8685,7
8686,1
8687,0
8688,4
8689,6
8690,1
8691,0
8692,2
8693,1
8694,0
8695,2
8696,5
8697,3
8698,7
8699,5
8700,5
8701,1
8702,8
8703,4
8704,0
8705,1
8706,2
8707,0
8708,6
8709,5
8710,3
8711,5
8712,7
8713,0
8714,6
8715,0
8716,0
8717,0
8718,6
8719,2
8720,0
8721,2
8722,6
8723,2
8724,1
8725,8
8726,9
8727,2
8728,4
8729,5
8730,3
8731,3
8732,1
8733,6
8734,2
8735,2
8736,3
8737,3
8738,6
8739,0
8740,2
8741,0
8742,2
8743,5
8744,9
8745,5
8746,2
8747,0
8748,6
8749,3
8750,8
8751,3
8752,2
8753,7
8754,3
8755,3
8756,8
8757,0
8758,9
8759,7
8760,5
8761,2
8762,8
8763,1
8764,8
8765,3
8766,6
8767,4
8768,1
8769,0
8770,6
8771,5
8772,1
8773,2
8774,6
8775,1
8776,6
8777,0
8778,9
8779,5
8780,1
8781,9
8782,5
8783,7
8784,4
8785,0
8786,4
8787,7
8788,1
8789,5
8790,8
8791,5
8792,3
8793,6
8794,3
8795,0
8796,9
8797,5
8798,6
8799,1
8800,0
8801,6
8802,6
8803,2
8804,0
8805,0
8806,5
8807,6
8808,3
8809,3
8810,8
8811,9
8812,0
8813,1
8814,1
8815,1
8816,7
8817,3
8818,3
8819,8
8820,0
8821,0
8822,9
8823,7
8824,4
8825,5
8826,8
8827,2
8828,5
8829,0
8830,9
8831,6
8832,6
8833,3
8834,0
8835,1
8836,6
8837,0
8838,3
8839,6
8840,1
8841,0
8842,3
8843,8
8844,1
8845,0
8846,6
8847,3
8848,2
8849,1
8850,1
8851,0
8852,7
8853,0
8854,8
8855,3
8856,0
8857,0
8858,6
8859,5
8860,2
8861,1
8862,0
8863,4
8864,9
8865,7
8866,4
8867,0
8868,2
8869,7
8870,3
8871,4
8872,3
8873,3
8874,5
8875,0
8876,0
8877,6
8878,0
8879,0
8880,1
8881,0
8882,2
8883,5
8884,0
8885,5
8886,4
8887,4
8888,8
8889,4
8890,8
8891,7
8892,0
8893,0
8894,0
8895,0
8896,8
8897,0
8898,3
8899,6
8900,6
8901,7
8902,6
8903,0
8904,0
8905,8
8906,0
8907,9
8908,9
8909,0
8910,1
8911,8
8912,6
8913,9
8914,0
8915,0
8916,6
8917,0
8918,0
8919,9
8920,3
8921,0
8922,9
8923,6
8924,2
8925,0
8926,4
8927,9
8928,0
8929,0
8930,1
8931,9
8932,5
8933,2
8934,6
8935,8
8936,1
8937,2
8938,9
8939,3
8940,0
8941,0
8942,2
8943,4
8944,5
8945,0
8946,3
8947,6
8948,9
8949,9
8950,9
8951,8
8952,1
8953,0
8954,6
8955,1
8956,9
8957,1
8958,6
8959,6
8960,0
8961,6
8962,7
8963,2
8964,8
8965,0
8966,0
8967,4
8968,1
8969,8
8970,0
8971,6
8972,0
8973,5
8974,2
8975,8
8976,0
8977,8
8978,5
8979,9
8980,9
8981,6
8982,4
8983,5
8984,3
8985,0
8986,2
8987,3
8988,0
8989,4
8990,0
8991,0
8992,5
8993,0
8994,8
8995,9
8996,0
8997,0
8998,9
8999,0
9000,0
9001,1
9002,3
9003,1
9004,0
9005,5
9006,6
9007,5
9008,0
9009,9
9010,5
9011,6
9012,3
9013,7
9014,6
9015,5
9016,1
9017,0
9018,8
9019,1
9020,3
9021,0
9022,6
9023,1
9024,0
9025,5
9026,9
9027,0
9028,9
9029,7
9030,6
9031,1
9032,9
9033,5
9034,4
9035,6
9036,6
9037,1
9038,3
9039,6
9040,7
9041,1
9042,2
9043,9
9044,1
9045,0
9046,9
9047,0
9048,9
9049,1
9050,3
9051,8
9052,0
9053,5
9054,0
9055,6
9056,4
9057,9
9058,0
9059,2
9060,0
9061,5
9062,8
9063,2
9064,8
9065,0
9066,2
9067,9
9068,0
9069,1
9070,2
9071,3
9072,5
9073,6
9074,2
9075,0
9076,6
9077,5
9078,2
9079,6
9080,0
9081,0
9082,6
9083,0
9084,3
9085,0
9086,3
9087,1
9088,3
9089,5
9090,7
9091,7
9092,2
9093,3
9094,2
9095,9
9096,9
9097,0
9098,3
9099,1
9100,5
9101,9
9102,1
9103,1
9104,5
9105,0
9106,6
9107,9
9108,2
9109,5
9110,9
9111,0
9112,9
9113,3
9114,0
9115,8
9116,6
9117,9
9118,5
9119,2
9120,6
9121,1
9122,3
9123,4
9124,8
9125,9
9126,0
9127,8
9128,1
9129,2
9130,6
9131,0
9132,5
9133,0
9134,2
9135,3
9136,6
9137,1
9138,2
9139,5
9140,9
9141,5
9142,0
9143,3
9144,0
9145,1
9146,3
9147,5
9148,2
9149,0
9150,3
9151,8
9152,5
9153,0
9154,2
9155,6
9156,6
9157,5
9158,8
9159,0
9160,6
9161,3
9162,9
9163,2
9164,3
9165,0
9166,1
9167,7
9168,0
9169,0
9170,9
9171,2
9172,2
9173,7
9174,7
9175,9
9176,0
9177,2
9178,0
9179,1
9180,3
9181,8
9182,0
9183,9
9184,0
9185,1
9186,7
9187,2
9188,1
9189,5
9190,0
9191,3
9192,5
9193,6
9194,6
9195,2
9196,8
9197,9
9198,8
9199,0
9200,0
9201,2
9202,7
9203,0
9204,9
9205,2
9206,1
9207,1
9208,0
9209,8
9210,1
9211,1
9212,3
9213,2
9214,9
9215,6
9216,9
9217,0
9218,3
9219,3
9220,0
9221,2
9222,3
9223,1
9224,3
9225,7
9226,5
9227,1
9228,2
9229,8
9230,5
9231,3
9232,5
9233,1
9234,6
9235,0
9236,3
9237,5
9238,1
9239,8
9240,1
9241,6
9242,3
9243,3
9244,7
9245,1
9246,4
9247,1
9248,0
9249,9
9250,3
9251,0
9252,6
9253,7
9254,6
9255,3
9256,0
9257,2
9258,0
9259,1
9260,6
9261,5
9262,9
9263,3
9264,6
9265,2
9266,1
9267,7
9268,6
9269,1
9270,0
9271,5
9272,0
9273,7
9274,0
9275,0
9276,5
9277,0
9278,0
9279,8
9280,0
9281,7
9282,1
9283,9
9284,9
9285,9
9286,4
9287,9
9288,2
9289,0
9290,2
9291,1
9292,7
9293,1
9294,5
9295,3
9296,2
9297,2
9298,3
9299,2
9300,7
9301,6
9302,1
9303,1
9304,3
9305,3
9306,5
9307,2
9308,5
9309,1
9310,6
9311,6
9312,0
9313,9
9314,7
9315,2
9316,7
9317,9
9318,2
9319,0
9320,9
9321,6
9322,2
9323,3
9324,1
9325,2
9326,7
9327,6
9328,6
9329,8
9330,2
9331,4
9332,2
9333,0
9334,9
9335,0
9336,8
9337,1
9338,2
9339,1
9340,9
9341,5
9342,9
9343,8
9344,3
9345,9
9346,4
9347,8
9348,5
9349,9
9350,2
9351,8
9352,6
9353,8
9354,0
9355,8
9356,0
9357,7
9358,4
9359,0
9360,5
9361,1
9362,5
9363,5
9364,3
9365,1
9366,4
9367,9
9368,1
9369,2
9370,8
9371,0
9372,5
9373,1
9374,5
9375,4
9376,0
9377,2
9378,0
9379,0
9380,3
9381,5
9382,9
9383,4
9384,4
9385,3
9386,4
9387,1
9388,3
9389,1
9390,4
9391,3
9392,3
9393,6
9394,0
9395,7
9396,0
9397,0
9398,5
9399,7
9400,5
9401,1
9402,2
9403,2
9404,9
9405,9
9406,3
9407,1
9408,7
9409,5
9410,0
9411,7
9412,8
9413,9
9414,5
9415,1
9416,2
9417,8
9418,3
9419,4
9420,3
9421,1
9422,6
9423,7
9424,2
9425,6
9426,8
9427,7
9428,3
9429,1
9430,5
9431,5
9432,9
9433,5
9434,9
9435,3
9436,7
9437,0
9438,0
9439,9
9440,3
9441,4
9442,1
9443,2
9444,4
9445,4
9446,1
9447,3
9448,1
9449,8
9450,6
9451,0
9452,4
9453,1
9454,2
9455,1
9456,6
9457,1
9458,7
9459,0
9460,3
9461,3
9462,3
9463,0
9464,6
9465,4
9466,6
9467,3
9468,4
9469,0
9470,9
9471,5
9472,0
9473,8
9474,8
9475,5
9476,3
9477,3
9478,7
9479,7
9480,2
9481,9
9482,0
9483,9
9484,0
9485,7
9486,0
9487,8
9488,8
9489,6
9490,8
9491,4
9492,0
9493,9
9494,9
9495,8
9496,1
9497,0
9498,9
9499,0
9500,1
9501,4
9502,6
9503,6
9504,6
9505,5
9506,2
9507,4
9508,0
9509,0
9510,9
9511,1
9512,2
9513,6
9514,5
9515,4
9516,3
9517,6
9518,9
9519,1
9520,1
9521,5
9522,3
9523,0
9524,2
9525,6
9526,0
9527,5
9528,1
9529,4
9530,0
9531,3
9532,9
9533,1
9534,6
9535,1
9536,0
9537,3
9538,1
9539,0
9540,5
9541,4
9542,7
9543,6
9544,0
9545,0
9546,3
9547,2
9548,0
9549,2
9550,1
9551,0
9552,1
9553,4
9554,7
9555,3
9556,2
9557,4
9558,8
9559,9
9560,0
9561,0
9562,1
9563,0
9564,6
9565,0
9566,6
9567,0
9568,0
9569,8
9570,5
9571,5
9572,8
9573,7
9574,9
9575,3
9576,1
9577,0
9578,3
9579,2
9580,7
9581,7
9582,2
9583,0
9584,8
9585,6
9586,2
9587,3
9588,1
9589,5
9590,1
9591,9
9592,9
9593,1
9594,4
9595,7
9596,5
9597,5
9598,9
9599,3
9600,0
9601,3
9602,0
9603,2
9604,8
9605,7
9606,9
9607,4
9608,0
9609,4
9610,7
9611,8
9612,5
9613,4
9614,6
9615,6
9616,4
9617,2
9618,1
9619,8
9620,0
9621,5
9622,2
9623,8
9624,0
9625,0
9626,9
9627,7
9628,9
9629,9
9630,6
9631,0
9632,2
9633,0
9634,1
9635,6
9636,6
9637,7
9638,2
9639,2
9640,8
9641,0
9642,8
9643,9
9644,8
9645,1
9646,3
9647,1
9648,5
9649,5
9650,8
9651,7
9652,0
9653,2
9654,2
9655,8
9656,0
9657,5
9658,2
9659,3
9660,6
9661,4
9662,1
9663,7
9664,0
9665,3
9666,6
9667,9
9668,4
9669,0
9670,9
9671,5
9672,4
9673,1
9674,1
9675,2
9676,4
9677,5
9678,5
9679,3
9680,3
9681,9
9682,1
9683,2
9684,3
9685,0
9686,8
9687,7
9688,1
9689,8
9690,3
9691,1
9692,0
9693,6
9694,4
9695,8
9696,9
9697,0
9698,9
9699,9
9700,0
9701,7
9702,7
9703,1
9704,5
9705,6
9706,1
9707,8
9708,5
9709,8
9710,0
9711,3
9712,9
9713,8
9714,1
9715,5
9716,2
9717,1
9718,9
9719,8
9720,5
9721,6
9722,5
9723,0
9724,0
9725,1
9726,9
9727,6
9728,4
9729,5
9730,0
9731,3
9732,1
9733,2
9734,5
9735,9
9736,0
9737,2
9738,2
9739,9
9740,3
9741,5
9742,1
9743,1
9744,0
9745,3
9746,0
9747,0
9748,9
9749,8
9750,2
9751,6
9752,3
9753,3
9754,9
9755,2
9756,9
9757,0
9758,1
9759,9
9760,3
9761,1
9762,6
9763,1
9764,4
9765,2
9766,8
9767,6
9768,7
9769,1
9770,6
9771,4
9772,5
9773,1
9774,2
9775,3
9776,1
9777,6
9778,3
9779,2
9780,6
9781,4
9782,2
9783,6
9784,0
9785,7
9786,3
9787,8
9788,1
9789,6
9790,0
9791,3
9792,9
9793,1
9794,1
9795,2
9796,9
9797,7
9798,6
9799,7
9800,1
9801,5
9802,0
9803,1
9804,2
9805,0
9806,0
9807,7
9808,7
9809,6
9810,8
9811,1
9812,9
9813,1
9814,8
9815,6
9816,8
9817,6
9818,0
9819,6
9820,0
9821,5
9822,0
9823,8
9824,6
9825,2
9826,8
9827,7
9828,1
9829,7
9830,9
9831,1
9832,4
9833,3
9834,8
9835,4
9836,0
9837,3
9838,0
9839,3
9840,4
9841,0
9842,4
9843,8
9844,0
9845,6
9846,9
9847,0
9848,0
9849,2
9850,4
9851,1
9852,4
9853,2
9854,6
9855,7
9856,5
9857,2
9858,2
9859,3
9860,0
9861,3
9862,0
9863,6
9864,0
9865,1
9866,0
9867,0
9868,3
9869,6
9870,2
9871,1
9872,7
9873,2
9874,5
9875,9
9876,0
9877,2
9878,2
9879,7
9880,4
9881,9
9882,3
9883,3
9884,0
9885,8
9886,5
9887,3
9888,0
9889,8
9890,7
9891,0
9892,6
9893,3
9894,5
9895,5
9896,6
9897,8
9898,0
9899,0
9900,0
9901,5
9902,6
9903,1
9904,7
9905,1
9906,0
9907,1
9908,8
9909,9
9910,6
9911,0
9912,9
9913,7
9914,7
9915,5
9916,0
9917,4
9918,1
9919,2
9920,6
9921,0
9922,1
9923,7
9924,0
9925,0
9926,6
9927,9
9928,3
9929,8
9930,8
9931,9
9932,0
9933,6
9934,3
9935,5
9936,8
9937,0
9938,9
9939,5
9940,6
9941,1
9942,0
9943,3
9944,8
9945,5
9946,0
9947,3
9948,0
9949,6
9950,3
9951,0
9952,5
9953,7
9954,2
9955,0
9956,7
9957,1
9958,9
9959,2
9960,0
9961,2
9962,6
9963,0
9964,0
9965,4
9966,6
9967,6
9968,5
9969,1
9970,2
9971,3
9972,3
9973,0
9974,9
9975,0
9976,0
9977,5
9978,1
9979,5
9980,4
9981,7
9982,6
9983,7
9984,5
9985,2
9986,0
9987,8
9988,0
9989,4
9990,0
9991,9
9992,5
9993,8
9994,6
9995,5
9996,5
9997,2
9998,6
9999,2
